-- phpMyAdmin SQL Dump
-- version 4.7.9
-- https://www.phpmyadmin.net/
--
-- Host: 127.0.0.1:3306
-- Generation Time: Feb 10, 2019 at 05:19 PM
-- Server version: 5.7.21
-- PHP Version: 7.1.16

SET SQL_MODE = "NO_AUTO_VALUE_ON_ZERO";
SET AUTOCOMMIT = 0;
START TRANSACTION;
SET time_zone = "+00:00";


/*!40101 SET @OLD_CHARACTER_SET_CLIENT=@@CHARACTER_SET_CLIENT */;
/*!40101 SET @OLD_CHARACTER_SET_RESULTS=@@CHARACTER_SET_RESULTS */;
/*!40101 SET @OLD_COLLATION_CONNECTION=@@COLLATION_CONNECTION */;
/*!40101 SET NAMES utf8mb4 */;

--
-- Database: `dyntech`
--

-- --------------------------------------------------------

--
-- Table structure for table `auth_assignment`
--

DROP TABLE IF EXISTS `auth_assignment`;
CREATE TABLE IF NOT EXISTS `auth_assignment` (
  `item_name` varchar(64) COLLATE utf8_unicode_ci NOT NULL,
  `user_id` varchar(64) COLLATE utf8_unicode_ci NOT NULL,
  `created_at` int(11) DEFAULT NULL,
  PRIMARY KEY (`item_name`,`user_id`)
) ENGINE=InnoDB DEFAULT CHARSET=utf8 COLLATE=utf8_unicode_ci;

--
-- Dumping data for table `auth_assignment`
--

INSERT INTO `auth_assignment` (`item_name`, `user_id`, `created_at`) VALUES
('admin', '1', 1502387437),
('admin', '4', 1524078866),
('manageSettings', '2', 1502387437),
('manageStaffs', '2', 1502387437),
('manageUsers', '2', 1502387437),
('staff', '2', 1502387437),
('user', '10', 1542222030),
('user', '3', 1502387437),
('user', '5', 1542221057),
('user', '6', 1542221157),
('user', '7', 1542221282),
('user', '8', 1542221322),
('user', '9', 1542221449);

-- --------------------------------------------------------

--
-- Table structure for table `auth_item`
--

DROP TABLE IF EXISTS `auth_item`;
CREATE TABLE IF NOT EXISTS `auth_item` (
  `name` varchar(64) COLLATE utf8_unicode_ci NOT NULL,
  `type` smallint(6) NOT NULL,
  `description` text COLLATE utf8_unicode_ci,
  `rule_name` varchar(64) COLLATE utf8_unicode_ci DEFAULT NULL,
  `data` blob,
  `created_at` int(11) DEFAULT NULL,
  `updated_at` int(11) DEFAULT NULL,
  PRIMARY KEY (`name`),
  KEY `rule_name` (`rule_name`),
  KEY `idx-auth_item-type` (`type`)
) ENGINE=InnoDB DEFAULT CHARSET=utf8 COLLATE=utf8_unicode_ci;

--
-- Dumping data for table `auth_item`
--

INSERT INTO `auth_item` (`name`, `type`, `description`, `rule_name`, `data`, `created_at`, `updated_at`) VALUES
('admin', 1, 'Administrator', NULL, NULL, 1502387436, 1502387436),
('manageSettings', 2, 'Manage settings', NULL, NULL, 1502387436, 1502387436),
('manageStaffs', 2, 'Manage staffs', NULL, NULL, 1502387436, 1502387436),
('manageUsers', 2, 'Manage users', NULL, NULL, 1502387436, 1502387436),
('staff', 1, 'Staff', NULL, NULL, 1502387436, 1502387436),
('user', 1, 'User', NULL, NULL, 1502387436, 1502387436);

-- --------------------------------------------------------

--
-- Table structure for table `auth_item_child`
--

DROP TABLE IF EXISTS `auth_item_child`;
CREATE TABLE IF NOT EXISTS `auth_item_child` (
  `parent` varchar(64) COLLATE utf8_unicode_ci NOT NULL,
  `child` varchar(64) COLLATE utf8_unicode_ci NOT NULL,
  PRIMARY KEY (`parent`,`child`),
  KEY `child` (`child`)
) ENGINE=InnoDB DEFAULT CHARSET=utf8 COLLATE=utf8_unicode_ci;

-- --------------------------------------------------------

--
-- Table structure for table `auth_rule`
--

DROP TABLE IF EXISTS `auth_rule`;
CREATE TABLE IF NOT EXISTS `auth_rule` (
  `name` varchar(64) COLLATE utf8_unicode_ci NOT NULL,
  `data` blob,
  `created_at` int(11) DEFAULT NULL,
  `updated_at` int(11) DEFAULT NULL,
  PRIMARY KEY (`name`)
) ENGINE=InnoDB DEFAULT CHARSET=utf8 COLLATE=utf8_unicode_ci;

-- --------------------------------------------------------

--
-- Table structure for table `date`
--

DROP TABLE IF EXISTS `date`;
CREATE TABLE IF NOT EXISTS `date` (
  `dateId` int(11) NOT NULL AUTO_INCREMENT,
  `year` int(11) DEFAULT NULL,
  `month` int(11) DEFAULT NULL,
  `day` int(11) DEFAULT NULL,
  `monthName` varchar(21) COLLATE utf8_unicode_ci DEFAULT NULL,
  `date` int(11) DEFAULT NULL,
  PRIMARY KEY (`dateId`)
) ENGINE=MyISAM DEFAULT CHARSET=utf8 COLLATE=utf8_unicode_ci;

-- --------------------------------------------------------

--
-- Table structure for table `machine`
--

DROP TABLE IF EXISTS `machine`;
CREATE TABLE IF NOT EXISTS `machine` (
  `machineId` varchar(21) COLLATE utf8_unicode_ci NOT NULL,
  `projectId` varchar(21) COLLATE utf8_unicode_ci NOT NULL,
  `sections` json NOT NULL,
  `discs` json NOT NULL,
  `rollerbearings` json NOT NULL,
  `journalbearings` json NOT NULL,
  `foundations` json NOT NULL,
  `ves` json NOT NULL,
  `abs` json NOT NULL,
  `ldratio` varchar(15) COLLATE utf8_unicode_ci NOT NULL DEFAULT '1.000000e+0',
  `rangeOptions` json NOT NULL,
  `journalOpt` json DEFAULT NULL,
  `balanceOpt` json DEFAULT NULL,
  `vesOpt` json DEFAULT NULL,
  `absOpt` json DEFAULT NULL,
  PRIMARY KEY (`machineId`)
) ENGINE=MyISAM DEFAULT CHARSET=utf8 COLLATE=utf8_unicode_ci;

--
-- Dumping data for table `machine`
--

INSERT INTO `machine` (`machineId`, `projectId`, `sections`, `discs`, `rollerbearings`, `journalbearings`, `foundations`, `ves`, `abs`, `ldratio`, `rangeOptions`, `journalOpt`, `balanceOpt`, `vesOpt`, `absOpt`) VALUES
('FHRr1O7pfVRXgfTbMZ43V', '14fm2kopUtnIpurxVRxXg', '\"[{\\\"area\\\": {\\\"d\\\": \\\"M0,-12.5 v25 h50 v-25 Z\\\"}, \\\"info\\\": {\\\"x\\\": 10, \\\"y\\\": 10, \\\"text\\\": \\\"Section \\\", \\\"color\\\": \\\"green\\\"}, \\\"group\\\": \\\"sections\\\", \\\"young\\\": \\\"2.100000e+11\\\", \\\"border\\\": {\\\"h\\\": 25, \\\"w\\\": 50, \\\"x\\\": 0, \\\"y\\\": -12.5}, \\\"density\\\": \\\"7.850000e+3\\\", \\\"poisson\\\": \\\"3.000000e-1\\\", \\\"position\\\": \\\"5.000000e-2\\\", \\\"axialForce\\\": \\\"0.000000e+0\\\", \\\"magneticForce\\\": \\\"0.000000e+0\\\", \\\"externalDiameter\\\": \\\"2.500000e-2\\\", \\\"internalDiameter\\\": \\\"0.000000e+0\\\"}, {\\\"area\\\": {\\\"d\\\": \\\"M50,-17.5 v35 h100 v-35 Z\\\"}, \\\"info\\\": {\\\"x\\\": 10, \\\"y\\\": 10, \\\"text\\\": \\\"Section \\\", \\\"color\\\": \\\"green\\\"}, \\\"group\\\": \\\"sections\\\", \\\"young\\\": \\\"2.100000e+11\\\", \\\"border\\\": {\\\"h\\\": 35, \\\"w\\\": 100, \\\"x\\\": 50, \\\"y\\\": -17.5}, \\\"density\\\": \\\"7.850000e+3\\\", \\\"poisson\\\": \\\"3.000000e-1\\\", \\\"position\\\": \\\"1.500000e-1\\\", \\\"axialForce\\\": \\\"0.000000e+0\\\", \\\"magneticForce\\\": \\\"0.000000e+0\\\", \\\"externalDiameter\\\": \\\"3.500000e-2\\\", \\\"internalDiameter\\\": \\\"0.000000e+0\\\"}, {\\\"area\\\": {\\\"d\\\": \\\"M150,-22.5 v45 h150 v-45 Z\\\"}, \\\"info\\\": {\\\"x\\\": 10, \\\"y\\\": 10, \\\"text\\\": \\\"Section \\\", \\\"color\\\": \\\"green\\\"}, \\\"group\\\": \\\"sections\\\", \\\"young\\\": \\\"2.100000e+11\\\", \\\"border\\\": {\\\"h\\\": 45, \\\"w\\\": 150, \\\"x\\\": 150, \\\"y\\\": -22.5}, \\\"density\\\": \\\"7.850000e+3\\\", \\\"poisson\\\": \\\"3.000000e-1\\\", \\\"position\\\": \\\"3.000000e-1\\\", \\\"axialForce\\\": \\\"0.000000e+0\\\", \\\"magneticForce\\\": \\\"5.000000e+3\\\", \\\"externalDiameter\\\": \\\"4.500000e-2\\\", \\\"internalDiameter\\\": \\\"0.000000e+0\\\"}, {\\\"area\\\": {\\\"d\\\": \\\"M300,-17.5 v35 h100 v-35 Z\\\"}, \\\"info\\\": {\\\"x\\\": 10, \\\"y\\\": 10, \\\"text\\\": \\\"Section \\\", \\\"color\\\": \\\"green\\\"}, \\\"group\\\": \\\"sections\\\", \\\"young\\\": \\\"2.100000e+11\\\", \\\"border\\\": {\\\"h\\\": 35, \\\"w\\\": 100, \\\"x\\\": 300, \\\"y\\\": -17.5}, \\\"density\\\": \\\"7.850000e+3\\\", \\\"poisson\\\": \\\"3.000000e-1\\\", \\\"position\\\": \\\"4.000000e-1\\\", \\\"axialForce\\\": \\\"0.000000e+0\\\", \\\"magneticForce\\\": \\\"0.000000e+0\\\", \\\"externalDiameter\\\": \\\"3.500000e-2\\\", \\\"internalDiameter\\\": \\\"0.000000e+0\\\"}, {\\\"area\\\": {\\\"d\\\": \\\"M400,-12.5 v25 h50 v-25 Z\\\"}, \\\"info\\\": {\\\"x\\\": 10, \\\"y\\\": 10, \\\"text\\\": \\\"Section \\\", \\\"color\\\": \\\"green\\\"}, \\\"group\\\": \\\"sections\\\", \\\"young\\\": \\\"2.100000e+11\\\", \\\"border\\\": {\\\"h\\\": 25, \\\"w\\\": 50, \\\"x\\\": 400, \\\"y\\\": -12.5}, \\\"density\\\": \\\"7.850000e+3\\\", \\\"poisson\\\": \\\"3.000000e-1\\\", \\\"position\\\": \\\"4.500000e-1\\\", \\\"axialForce\\\": \\\"0.000000e+0\\\", \\\"magneticForce\\\": \\\"0.000000e+0\\\", \\\"externalDiameter\\\": \\\"2.500000e-2\\\", \\\"internalDiameter\\\": \\\"0.000000e+0\\\"}]\"', '\"[{\\\"ix\\\": \\\"1.000000e-2\\\", \\\"iy\\\": \\\"2.000000e-2\\\", \\\"iz\\\": \\\"1.000000e-2\\\", \\\"area\\\": {\\\"d\\\": \\\"M215,-53.17032380316424 v106.34064760632847 h20 v-106.34064760632847 Z\\\"}, \\\"info\\\": {\\\"x\\\": 10, \\\"y\\\": 10, \\\"text\\\": \\\"Disc \\\", \\\"color\\\": \\\"cyan\\\"}, \\\"mass\\\": \\\"3.000000e+0\\\", \\\"group\\\": \\\"discs\\\", \\\"border\\\": {\\\"h\\\": 106.34064760632847, \\\"w\\\": 20, \\\"x\\\": 215, \\\"y\\\": -53.17032380316424}, \\\"length\\\": \\\"2.000000e-2\\\", \\\"density\\\": \\\"0.000000e+0\\\", \\\"position\\\": \\\"2.250000e-1\\\", \\\"thickness\\\": \\\"0.000000e+0\\\", \\\"externalDiameter\\\": \\\"0.000000e+0\\\", \\\"internalDiameter\\\": \\\"0.000000e+0\\\"}, {\\\"ix\\\": \\\"0.000000e+0\\\", \\\"iy\\\": \\\"0.000000e+0\\\", \\\"iz\\\": \\\"0.000000e+0\\\", \\\"area\\\": {\\\"d\\\": \\\"M290,-125 v250 h20 v-250 Z\\\"}, \\\"info\\\": {\\\"x\\\": 10, \\\"y\\\": 10, \\\"text\\\": \\\"Disc \\\", \\\"color\\\": \\\"blue\\\"}, \\\"mass\\\": \\\"0.000000e+0\\\", \\\"group\\\": \\\"discs\\\", \\\"border\\\": {\\\"h\\\": 250, \\\"w\\\": 20, \\\"x\\\": 290, \\\"y\\\": -125}, \\\"length\\\": \\\"0.000000e+0\\\", \\\"density\\\": \\\"7.850000e+3\\\", \\\"position\\\": \\\"3.000000e-1\\\", \\\"thickness\\\": \\\"2.000000e-2\\\", \\\"externalDiameter\\\": \\\"2.500000e-1\\\", \\\"internalDiameter\\\": \\\"4.500000e-2\\\"}]\"', '\"[{\\\"cpp\\\": \\\"0.000000e+0\\\", \\\"cpt\\\": \\\"0.000000e+0\\\", \\\"ctp\\\": \\\"0.000000e+0\\\", \\\"ctt\\\": \\\"0.000000e+0\\\", \\\"cxx\\\": \\\"6.000000e+2\\\", \\\"cxz\\\": \\\"0.000000e+0\\\", \\\"czx\\\": \\\"0.000000e+0\\\", \\\"czz\\\": \\\"6.000000e+2\\\", \\\"kpp\\\": \\\"0.000000e+0\\\", \\\"kpt\\\": \\\"0.000000e+0\\\", \\\"ktp\\\": \\\"0.000000e+0\\\", \\\"ktt\\\": \\\"0.000000e+0\\\", \\\"kxx\\\": \\\"1.000000e+7\\\", \\\"kxz\\\": \\\"0.000000e+0\\\", \\\"kzx\\\": \\\"0.000000e+0\\\", \\\"kzz\\\": \\\"1.000000e+7\\\", \\\"area\\\": {\\\"d\\\": \\\"M-20,-45 l20,24 l20,-24 Z\\\"}, \\\"info\\\": {\\\"x\\\": 10, \\\"y\\\": 10, \\\"text\\\": \\\"RollerBearing \\\", \\\"color\\\": \\\"red\\\"}, \\\"mass\\\": \\\"5.000000e-1\\\", \\\"group\\\": \\\"rollerbearings\\\", \\\"border\\\": {\\\"h\\\": 20, \\\"w\\\": 20, \\\"x\\\": -10, \\\"y\\\": -45}, \\\"inertia\\\": \\\"0.000000e+0\\\", \\\"position\\\": \\\"0.000000e+0\\\"}, {\\\"cpp\\\": \\\"0.000000e+0\\\", \\\"cpt\\\": \\\"0.000000e+0\\\", \\\"ctp\\\": \\\"0.000000e+0\\\", \\\"ctt\\\": \\\"0.000000e+0\\\", \\\"cxx\\\": \\\"6.000000e+2\\\", \\\"cxz\\\": \\\"0.000000e+0\\\", \\\"czx\\\": \\\"0.000000e+0\\\", \\\"czz\\\": \\\"6.000000e+2\\\", \\\"kpp\\\": \\\"0.000000e+0\\\", \\\"kpt\\\": \\\"0.000000e+0\\\", \\\"ktp\\\": \\\"0.000000e+0\\\", \\\"ktt\\\": \\\"0.000000e+0\\\", \\\"kxx\\\": \\\"1.000000e+7\\\", \\\"kxz\\\": \\\"0.000000e+0\\\", \\\"kzx\\\": \\\"0.000000e+0\\\", \\\"kzz\\\": \\\"1.000000e+7\\\", \\\"area\\\": {\\\"d\\\": \\\"M430,-45 l20,24 l20,-24 Z\\\"}, \\\"info\\\": {\\\"x\\\": 10, \\\"y\\\": 10, \\\"text\\\": \\\"RollerBearing \\\", \\\"color\\\": \\\"red\\\"}, \\\"mass\\\": \\\"5.000000e-1\\\", \\\"group\\\": \\\"rollerbearings\\\", \\\"border\\\": {\\\"h\\\": 20, \\\"w\\\": 20, \\\"x\\\": 440, \\\"y\\\": -45}, \\\"inertia\\\": \\\"0.000000e+0\\\", \\\"position\\\": \\\"4.500000e-1\\\"}]\"', '\"[]\"', '\"[{\\\"cxx\\\": \\\"0.000000e+0\\\", \\\"czz\\\": \\\"0.000000e+0\\\", \\\"kxx\\\": \\\"1.000000e+7\\\", \\\"kzz\\\": \\\"1.000000e+7\\\", \\\"area\\\": {\\\"d\\\": \\\"M-20,-74 l20,24 l20,-24 Z\\\"}, \\\"info\\\": {\\\"x\\\": 10, \\\"y\\\": 10, \\\"text\\\": \\\"Foundation \\\", \\\"color\\\": \\\"maroon\\\"}, \\\"mass\\\": \\\"2.000000e+0\\\", \\\"group\\\": \\\"foundations\\\", \\\"border\\\": {\\\"h\\\": 20, \\\"w\\\": 20, \\\"x\\\": -10, \\\"y\\\": -74}, \\\"position\\\": \\\"0.000000e+0\\\"}, {\\\"cxx\\\": \\\"0.000000e+0\\\", \\\"czz\\\": \\\"0.000000e+0\\\", \\\"kxx\\\": \\\"1.000000e+7\\\", \\\"kzz\\\": \\\"1.000000e+7\\\", \\\"area\\\": {\\\"d\\\": \\\"M430,-74 l20,24 l20,-24 Z\\\"}, \\\"info\\\": {\\\"x\\\": 10, \\\"y\\\": 10, \\\"text\\\": \\\"Foundation \\\", \\\"color\\\": \\\"maroon\\\"}, \\\"mass\\\": \\\"2.000000e+0\\\", \\\"group\\\": \\\"foundations\\\", \\\"border\\\": {\\\"h\\\": 20, \\\"w\\\": 20, \\\"x\\\": 440, \\\"y\\\": -74}, \\\"position\\\": \\\"4.500000e-1\\\"}]\"', '\"[]\"', '\"[]\"', '1.000000e+0', 'null', NULL, NULL, NULL, NULL),
('RRAEyPrXT7zAaYwAy5TYL', '6CVWj1xdcQKplYTdHWPej', '\"[{\\\"position\\\":\\\"5.000000e-2\\\",\\\"externalDiameter\\\":\\\"2.500000e-2\\\",\\\"internalDiameter\\\":\\\"0.000000e+0\\\",\\\"young\\\":\\\"2.100000e+11\\\",\\\"poisson\\\":\\\"3.000000e-1\\\",\\\"density\\\":\\\"7.850000e+3\\\",\\\"axialForce\\\":\\\"0.000000e+0\\\",\\\"magneticForce\\\":\\\"0.000000e+0\\\",\\\"insertAt\\\":0,\\\"group\\\":\\\"sections\\\",\\\"info\\\":{\\\"text\\\":\\\"Section \\\",\\\"x\\\":10,\\\"y\\\":10,\\\"color\\\":\\\"green\\\"},\\\"area\\\":{\\\"d\\\":\\\"M0,-12.5 v25 h50 v-25 Z\\\"},\\\"border\\\":{\\\"x\\\":0,\\\"y\\\":-12.5,\\\"w\\\":50,\\\"h\\\":25}},{\\\"position\\\":\\\"1.500000e-1\\\",\\\"externalDiameter\\\":\\\"3.500000e-2\\\",\\\"internalDiameter\\\":\\\"0.000000e+0\\\",\\\"young\\\":\\\"2.100000e+11\\\",\\\"poisson\\\":\\\"3.000000e-1\\\",\\\"density\\\":\\\"7.850000e+3\\\",\\\"axialForce\\\":\\\"0.000000e+0\\\",\\\"magneticForce\\\":\\\"0.000000e+0\\\",\\\"insertAt\\\":1,\\\"group\\\":\\\"sections\\\",\\\"info\\\":{\\\"text\\\":\\\"Section \\\",\\\"x\\\":10,\\\"y\\\":10,\\\"color\\\":\\\"green\\\"},\\\"area\\\":{\\\"d\\\":\\\"M50,-17.5 v35 h100 v-35 Z\\\"},\\\"border\\\":{\\\"x\\\":50,\\\"y\\\":-17.5,\\\"w\\\":100,\\\"h\\\":35}},{\\\"position\\\":\\\"3.000000e-1\\\",\\\"externalDiameter\\\":\\\"4.500000e-2\\\",\\\"internalDiameter\\\":\\\"0.000000e+0\\\",\\\"young\\\":\\\"2.100000e+11\\\",\\\"poisson\\\":\\\"3.000000e-1\\\",\\\"density\\\":\\\"7.850000e+3\\\",\\\"axialForce\\\":\\\"0.000000e+0\\\",\\\"magneticForce\\\":\\\"0.000000e+0\\\",\\\"insertAt\\\":2,\\\"group\\\":\\\"sections\\\",\\\"info\\\":{\\\"text\\\":\\\"Section \\\",\\\"x\\\":10,\\\"y\\\":10,\\\"color\\\":\\\"green\\\"},\\\"area\\\":{\\\"d\\\":\\\"M150,-22.5 v45 h150 v-45 Z\\\"},\\\"border\\\":{\\\"x\\\":150,\\\"y\\\":-22.5,\\\"w\\\":150,\\\"h\\\":45}},{\\\"position\\\":\\\"4.000000e-1\\\",\\\"externalDiameter\\\":\\\"3.500000e-2\\\",\\\"internalDiameter\\\":\\\"0.000000e+0\\\",\\\"young\\\":\\\"2.100000e+11\\\",\\\"poisson\\\":\\\"3.000000e-1\\\",\\\"density\\\":\\\"7.850000e+3\\\",\\\"axialForce\\\":\\\"0.000000e+0\\\",\\\"magneticForce\\\":\\\"0.000000e+0\\\",\\\"insertAt\\\":3,\\\"group\\\":\\\"sections\\\",\\\"info\\\":{\\\"text\\\":\\\"Section \\\",\\\"x\\\":10,\\\"y\\\":10,\\\"color\\\":\\\"green\\\"},\\\"area\\\":{\\\"d\\\":\\\"M300,-17.5 v35 h100 v-35 Z\\\"},\\\"border\\\":{\\\"x\\\":300,\\\"y\\\":-17.5,\\\"w\\\":100,\\\"h\\\":35}},{\\\"position\\\":\\\"4.500000e-1\\\",\\\"externalDiameter\\\":\\\"2.500000e-2\\\",\\\"internalDiameter\\\":\\\"0.000000e+0\\\",\\\"young\\\":\\\"2.100000e+11\\\",\\\"poisson\\\":\\\"3.000000e-1\\\",\\\"density\\\":\\\"7.850000e+3\\\",\\\"axialForce\\\":\\\"0.000000e+0\\\",\\\"magneticForce\\\":\\\"0.000000e+0\\\",\\\"insertAt\\\":4,\\\"group\\\":\\\"sections\\\",\\\"info\\\":{\\\"text\\\":\\\"Section \\\",\\\"x\\\":10,\\\"y\\\":10,\\\"color\\\":\\\"green\\\"},\\\"area\\\":{\\\"d\\\":\\\"M400,-12.5 v25 h50 v-25 Z\\\"},\\\"border\\\":{\\\"x\\\":400,\\\"y\\\":-12.5,\\\"w\\\":50,\\\"h\\\":25}}]\"', '\"[{\\\"position\\\":\\\"2.250000e-1\\\",\\\"externalDiameter\\\":\\\"0.000000e+0\\\",\\\"internalDiameter\\\":\\\"0.000000e+0\\\",\\\"thickness\\\":\\\"0.000000e+0\\\",\\\"density\\\":\\\"7.850000e+3\\\",\\\"ix\\\":\\\"1.000000e-2\\\",\\\"iy\\\":\\\"2.000000e-2\\\",\\\"iz\\\":\\\"1.000000e-2\\\",\\\"length\\\":\\\"2.000000e-2\\\",\\\"mass\\\":\\\"2.000000e+0\\\",\\\"group\\\":\\\"discs\\\",\\\"info\\\":{\\\"text\\\":\\\"Disc \\\",\\\"x\\\":10,\\\"y\\\":10,\\\"color\\\":\\\"cyan\\\"},\\\"area\\\":{\\\"d\\\":\\\"M215,-67.03543838895962 v42.53543838895962 h20 v-42.53543838895962 Z M 215,24.5 v42.53543838895962 h20 v-42.53543838895962 Z\\\"},\\\"border\\\":{\\\"x\\\":215,\\\"y\\\":-67.03543838895962,\\\"w\\\":20,\\\"h\\\":134.07087677791924}},{\\\"position\\\":\\\"3.000000e-1\\\",\\\"externalDiameter\\\":\\\"2.500000e-1\\\",\\\"internalDiameter\\\":\\\"4.500000e-2\\\",\\\"thickness\\\":\\\"2.000000e-2\\\",\\\"density\\\":\\\"7.850000e+3\\\",\\\"ix\\\":\\\"0.000000e+0\\\",\\\"iy\\\":\\\"0.000000e+0\\\",\\\"iz\\\":\\\"0.000000e+0\\\",\\\"length\\\":\\\"0.000000e+0\\\",\\\"mass\\\":\\\"0.000000e+0\\\",\\\"group\\\":\\\"discs\\\",\\\"info\\\":{\\\"text\\\":\\\"Disc \\\",\\\"x\\\":10,\\\"y\\\":10,\\\"color\\\":\\\"blue\\\"},\\\"area\\\":{\\\"d\\\":\\\"M290,-125 v100.5 h20 v-100.5 Z M 290,24.5 v100.5 h20 v-100.5 Z\\\"},\\\"border\\\":{\\\"x\\\":290,\\\"y\\\":-125,\\\"w\\\":20,\\\"h\\\":250}}]\"', '\"[{\\\"position\\\":\\\"0.000000e+0\\\",\\\"mass\\\":\\\"5.000000e-1\\\",\\\"inertia\\\":\\\"0.000000e+0\\\",\\\"kxx\\\":\\\"1.000000e+7\\\",\\\"kxz\\\":\\\"0.000000e+0\\\",\\\"kzx\\\":\\\"0.000000e+0\\\",\\\"kzz\\\":\\\"1.000000e+7\\\",\\\"cxx\\\":\\\"6.000000e+2\\\",\\\"cxz\\\":\\\"0.000000e+0\\\",\\\"czx\\\":\\\"0.000000e+0\\\",\\\"czz\\\":\\\"6.000000e+2\\\",\\\"ktt\\\":\\\"0.000000e+0\\\",\\\"ktp\\\":\\\"0.000000e+0\\\",\\\"kpt\\\":\\\"0.000000e+0\\\",\\\"kpp\\\":\\\"0.000000e+0\\\",\\\"ctt\\\":\\\"0.000000e+0\\\",\\\"ctp\\\":\\\"0.000000e+0\\\",\\\"cpt\\\":\\\"0.000000e+0\\\",\\\"cpp\\\":\\\"0.000000e+0\\\",\\\"group\\\":\\\"rollerbearings\\\",\\\"info\\\":{\\\"text\\\":\\\"RollerBearing \\\",\\\"x\\\":10,\\\"y\\\":10,\\\"color\\\":\\\"red\\\"},\\\"area\\\":{\\\"d\\\":\\\"M-20,-38.5 l20,24 l20,-24 Z M-20,38.5 l20,-24 l20,24 Z\\\"},\\\"border\\\":{\\\"x\\\":-10,\\\"y\\\":-38.5,\\\"w\\\":20,\\\"h\\\":20}},{\\\"position\\\":\\\"4.500000e-1\\\",\\\"mass\\\":\\\"5.000000e-1\\\",\\\"inertia\\\":\\\"0.000000e+0\\\",\\\"kxx\\\":\\\"1.000000e+7\\\",\\\"kxz\\\":\\\"0.000000e+0\\\",\\\"kzx\\\":\\\"0.000000e+0\\\",\\\"kzz\\\":\\\"1.000000e+7\\\",\\\"cxx\\\":\\\"6.000000e+2\\\",\\\"cxz\\\":\\\"0.000000e+0\\\",\\\"czx\\\":\\\"0.000000e+0\\\",\\\"czz\\\":\\\"6.000000e+2\\\",\\\"ktt\\\":\\\"0.000000e+0\\\",\\\"ktp\\\":\\\"0.000000e+0\\\",\\\"kpt\\\":\\\"0.000000e+0\\\",\\\"kpp\\\":\\\"0.000000e+0\\\",\\\"ctt\\\":\\\"0.000000e+0\\\",\\\"ctp\\\":\\\"0.000000e+0\\\",\\\"cpt\\\":\\\"0.000000e+0\\\",\\\"cpp\\\":\\\"0.000000e+0\\\",\\\"group\\\":\\\"rollerbearings\\\",\\\"info\\\":{\\\"text\\\":\\\"RollerBearing \\\",\\\"x\\\":10,\\\"y\\\":10,\\\"color\\\":\\\"red\\\"},\\\"area\\\":{\\\"d\\\":\\\"M430,-38.5 l20,24 l20,-24 Z M430,38.5 l20,-24 l20,24 Z\\\"},\\\"border\\\":{\\\"x\\\":440,\\\"y\\\":-38.5,\\\"w\\\":20,\\\"h\\\":20}}]\"', '\"[]\"', '\"[{\\\"position\\\":\\\"0.000000e+0\\\",\\\"mass\\\":\\\"2.000000e+0\\\",\\\"kxx\\\":\\\"1.000000e+7\\\",\\\"kzz\\\":\\\"1.000000e+7\\\",\\\"cxx\\\":\\\"0.000000e+0\\\",\\\"czz\\\":\\\"0.000000e+0\\\",\\\"group\\\":\\\"foundations\\\",\\\"info\\\":{\\\"text\\\":\\\"Foundation \\\",\\\"x\\\":10,\\\"y\\\":10,\\\"color\\\":\\\"maroon\\\"},\\\"area\\\":{\\\"d\\\":\\\"M-20,-64.5 l20,24 l20,-24 Z M-20,64.5 l20,-24 l20,24 Z\\\"},\\\"border\\\":{\\\"x\\\":-10,\\\"y\\\":-64.5,\\\"w\\\":20,\\\"h\\\":20}},{\\\"position\\\":\\\"4.500000e-1\\\",\\\"mass\\\":\\\"2.000000e+0\\\",\\\"kxx\\\":\\\"1.000000e+7\\\",\\\"kzz\\\":\\\"1.000000e+7\\\",\\\"cxx\\\":\\\"0.000000e+0\\\",\\\"czz\\\":\\\"0.000000e+0\\\",\\\"group\\\":\\\"foundations\\\",\\\"info\\\":{\\\"text\\\":\\\"Foundation \\\",\\\"x\\\":10,\\\"y\\\":10,\\\"color\\\":\\\"maroon\\\"},\\\"area\\\":{\\\"d\\\":\\\"M430,-64.5 l20,24 l20,-24 Z M430,64.5 l20,-24 l20,24 Z\\\"},\\\"border\\\":{\\\"x\\\":440,\\\"y\\\":-64.5,\\\"w\\\":20,\\\"h\\\":20}}]\"', '\"[]\"', '\"[]\"', '2.040000e+0', 'null', NULL, NULL, NULL, NULL),
('5GUKVJOJiPY2PpvK7mMeo', 'xjpbrgfwZjpd2TrUdjyb6', '\"[{\\\"sectionId\\\":\\\"\\\",\\\"materialId\\\":\\\"\\\",\\\"position\\\":\\\"5.000000e-2\\\",\\\"externalDiameter\\\":\\\"2.500000e-2\\\",\\\"internalDiameter\\\":\\\"0.000000e+0\\\",\\\"young\\\":\\\"2.100000e+11\\\",\\\"poisson\\\":\\\"3.000000e-1\\\",\\\"density\\\":\\\"7.850000e+3\\\",\\\"axialForce\\\":\\\"0.000000e+0\\\",\\\"magneticForce\\\":\\\"0.000000e+0\\\",\\\"group\\\":\\\"sections\\\",\\\"info\\\":{\\\"text\\\":\\\"Section \\\",\\\"x\\\":10,\\\"y\\\":10,\\\"color\\\":\\\"green\\\"},\\\"area\\\":{\\\"d\\\":\\\"M0,-12.5 v25 h50 v-25 Z\\\"},\\\"border\\\":{\\\"x\\\":0,\\\"y\\\":-12.5,\\\"w\\\":50,\\\"h\\\":25},\\\"nodeId\\\":0,\\\"groupId\\\":0},{\\\"sectionId\\\":\\\"\\\",\\\"materialId\\\":\\\"\\\",\\\"position\\\":\\\"4.500000e-1\\\",\\\"externalDiameter\\\":\\\"3.500000e-2\\\",\\\"internalDiameter\\\":\\\"0.000000e+0\\\",\\\"young\\\":\\\"2.100000e+11\\\",\\\"poisson\\\":\\\"3.000000e-1\\\",\\\"density\\\":\\\"7.850000e+3\\\",\\\"axialForce\\\":\\\"0.000000e+0\\\",\\\"magneticForce\\\":\\\"0.000000e+0\\\",\\\"group\\\":\\\"sections\\\",\\\"info\\\":{\\\"text\\\":\\\"Section \\\",\\\"x\\\":10,\\\"y\\\":10,\\\"color\\\":\\\"green\\\"},\\\"area\\\":{\\\"d\\\":\\\"M50,-17.5 v35 h400 v-35 Z\\\"},\\\"border\\\":{\\\"x\\\":50,\\\"y\\\":-17.5,\\\"w\\\":400,\\\"h\\\":35},\\\"nodeId\\\":1,\\\"groupId\\\":1},{\\\"sectionId\\\":\\\"\\\",\\\"materialId\\\":\\\"\\\",\\\"position\\\":\\\"5.000000e-1\\\",\\\"externalDiameter\\\":\\\"2.500000e-2\\\",\\\"internalDiameter\\\":\\\"0.000000e+0\\\",\\\"young\\\":\\\"2.100000e+11\\\",\\\"poisson\\\":\\\"3.000000e-1\\\",\\\"density\\\":\\\"7.850000e+3\\\",\\\"axialForce\\\":\\\"0.000000e+0\\\",\\\"magneticForce\\\":\\\"0.000000e+0\\\",\\\"group\\\":\\\"sections\\\",\\\"info\\\":{\\\"text\\\":\\\"Section \\\",\\\"x\\\":10,\\\"y\\\":10,\\\"color\\\":\\\"green\\\"},\\\"area\\\":{\\\"d\\\":\\\"M450,-12.5 v25 h50 v-25 Z\\\"},\\\"border\\\":{\\\"x\\\":450,\\\"y\\\":-12.5,\\\"w\\\":50,\\\"h\\\":25},\\\"nodeId\\\":2,\\\"groupId\\\":2}]\"', '\"[{\\\"discId\\\":\\\"\\\",\\\"materialId\\\":\\\"\\\",\\\"position\\\":\\\"1.000000e-1\\\",\\\"externalDiameter\\\":\\\"3.500000e-1\\\",\\\"internalDiameter\\\":\\\"3.500000e-2\\\",\\\"thickness\\\":\\\"2.000000e-2\\\",\\\"density\\\":\\\"7.850000e+3\\\",\\\"ix\\\":\\\"0.000000e+0\\\",\\\"iy\\\":\\\"0.000000e+0\\\",\\\"iz\\\":\\\"0.000000e+0\\\",\\\"length\\\":\\\"0.000000e+0\\\",\\\"mass\\\":\\\"0.000000e+0\\\",\\\"group\\\":\\\"discs\\\",\\\"info\\\":{\\\"text\\\":\\\"Disc \\\",\\\"x\\\":10,\\\"y\\\":10,\\\"color\\\":\\\"blue\\\"},\\\"area\\\":{\\\"d\\\":\\\"M90,-175 v350 h20 v-350 Z\\\"},\\\"border\\\":{\\\"x\\\":90,\\\"y\\\":-175,\\\"w\\\":20,\\\"h\\\":350},\\\"nodeId\\\":3,\\\"groupId\\\":0},{\\\"discId\\\":\\\"\\\",\\\"materialId\\\":\\\"\\\",\\\"position\\\":\\\"1.500000e-1\\\",\\\"externalDiameter\\\":\\\"3.000000e-1\\\",\\\"internalDiameter\\\":\\\"3.500000e-2\\\",\\\"thickness\\\":\\\"2.000000e-2\\\",\\\"density\\\":\\\"7.850000e+3\\\",\\\"ix\\\":\\\"0.000000e+0\\\",\\\"iy\\\":\\\"0.000000e+0\\\",\\\"iz\\\":\\\"0.000000e+0\\\",\\\"length\\\":\\\"0.000000e+0\\\",\\\"mass\\\":\\\"0.000000e+0\\\",\\\"group\\\":\\\"discs\\\",\\\"info\\\":{\\\"text\\\":\\\"Disc \\\",\\\"x\\\":10,\\\"y\\\":10,\\\"color\\\":\\\"blue\\\"},\\\"area\\\":{\\\"d\\\":\\\"M140,-150 v300 h20 v-300 Z\\\"},\\\"border\\\":{\\\"x\\\":140,\\\"y\\\":-150,\\\"w\\\":20,\\\"h\\\":300},\\\"nodeId\\\":4,\\\"groupId\\\":1},{\\\"discId\\\":\\\"\\\",\\\"materialId\\\":\\\"\\\",\\\"position\\\":\\\"2.000000e-1\\\",\\\"externalDiameter\\\":\\\"2.500000e-1\\\",\\\"internalDiameter\\\":\\\"3.500000e-2\\\",\\\"thickness\\\":\\\"2.000000e-2\\\",\\\"density\\\":\\\"7.850000e+3\\\",\\\"ix\\\":\\\"0.000000e+0\\\",\\\"iy\\\":\\\"0.000000e+0\\\",\\\"iz\\\":\\\"0.000000e+0\\\",\\\"length\\\":\\\"0.000000e+0\\\",\\\"mass\\\":\\\"0.000000e+0\\\",\\\"group\\\":\\\"discs\\\",\\\"info\\\":{\\\"text\\\":\\\"Disc \\\",\\\"x\\\":10,\\\"y\\\":10,\\\"color\\\":\\\"blue\\\"},\\\"area\\\":{\\\"d\\\":\\\"M190,-125 v250 h20 v-250 Z\\\"},\\\"border\\\":{\\\"x\\\":190,\\\"y\\\":-125,\\\"w\\\":20,\\\"h\\\":250},\\\"nodeId\\\":5,\\\"groupId\\\":2},{\\\"discId\\\":\\\"\\\",\\\"materialId\\\":\\\"\\\",\\\"position\\\":\\\"2.500000e-1\\\",\\\"externalDiameter\\\":\\\"2.000000e-1\\\",\\\"internalDiameter\\\":\\\"3.500000e-2\\\",\\\"thickness\\\":\\\"2.000000e-2\\\",\\\"density\\\":\\\"7.850000e+3\\\",\\\"ix\\\":\\\"0.000000e+0\\\",\\\"iy\\\":\\\"0.000000e+0\\\",\\\"iz\\\":\\\"0.000000e+0\\\",\\\"length\\\":\\\"0.000000e+0\\\",\\\"mass\\\":\\\"0.000000e+0\\\",\\\"group\\\":\\\"discs\\\",\\\"info\\\":{\\\"text\\\":\\\"Disc \\\",\\\"x\\\":10,\\\"y\\\":10,\\\"color\\\":\\\"blue\\\"},\\\"area\\\":{\\\"d\\\":\\\"M240,-100 v200 h20 v-200 Z\\\"},\\\"border\\\":{\\\"x\\\":240,\\\"y\\\":-100,\\\"w\\\":20,\\\"h\\\":200},\\\"nodeId\\\":6,\\\"groupId\\\":3},{\\\"discId\\\":\\\"\\\",\\\"materialId\\\":\\\"\\\",\\\"position\\\":\\\"3.000000e-1\\\",\\\"externalDiameter\\\":\\\"1.500000e-1\\\",\\\"internalDiameter\\\":\\\"3.500000e-2\\\",\\\"thickness\\\":\\\"2.000000e-2\\\",\\\"density\\\":\\\"7.850000e+3\\\",\\\"ix\\\":\\\"0.000000e+0\\\",\\\"iy\\\":\\\"0.000000e+0\\\",\\\"iz\\\":\\\"0.000000e+0\\\",\\\"length\\\":\\\"0.000000e+0\\\",\\\"mass\\\":\\\"0.000000e+0\\\",\\\"group\\\":\\\"discs\\\",\\\"info\\\":{\\\"text\\\":\\\"Disc \\\",\\\"x\\\":10,\\\"y\\\":10,\\\"color\\\":\\\"blue\\\"},\\\"area\\\":{\\\"d\\\":\\\"M290,-75 v150 h20 v-150 Z\\\"},\\\"border\\\":{\\\"x\\\":290,\\\"y\\\":-75,\\\"w\\\":20,\\\"h\\\":150},\\\"nodeId\\\":7,\\\"groupId\\\":4},{\\\"discId\\\":\\\"\\\",\\\"materialId\\\":\\\"\\\",\\\"position\\\":\\\"3.500000e-1\\\",\\\"externalDiameter\\\":\\\"1.000000e-1\\\",\\\"internalDiameter\\\":\\\"3.500000e-2\\\",\\\"thickness\\\":\\\"2.000000e-2\\\",\\\"density\\\":\\\"7.850000e+3\\\",\\\"ix\\\":\\\"0.000000e+0\\\",\\\"iy\\\":\\\"0.000000e+0\\\",\\\"iz\\\":\\\"0.000000e+0\\\",\\\"length\\\":\\\"0.000000e+0\\\",\\\"mass\\\":\\\"0.000000e+0\\\",\\\"group\\\":\\\"discs\\\",\\\"info\\\":{\\\"text\\\":\\\"Disc \\\",\\\"x\\\":10,\\\"y\\\":10,\\\"color\\\":\\\"blue\\\"},\\\"area\\\":{\\\"d\\\":\\\"M340,-50 v100 h20 v-100 Z\\\"},\\\"border\\\":{\\\"x\\\":340,\\\"y\\\":-50,\\\"w\\\":20,\\\"h\\\":100},\\\"nodeId\\\":8,\\\"groupId\\\":5}]\"', '\"[{\\\"rollerBearingId\\\":\\\"\\\",\\\"position\\\":\\\"0.000000e+0\\\",\\\"mass\\\":\\\"5.000000e-1\\\",\\\"inertia\\\":\\\"0.000000e+0\\\",\\\"kxx\\\":\\\"1.000000e+7\\\",\\\"kxz\\\":\\\"0.000000e+0\\\",\\\"kzx\\\":\\\"0.000000e+0\\\",\\\"kzz\\\":\\\"1.000000e+7\\\",\\\"cxx\\\":\\\"6.000000e+2\\\",\\\"cxz\\\":\\\"0.000000e+0\\\",\\\"czx\\\":\\\"0.000000e+0\\\",\\\"czz\\\":\\\"6.000000e+2\\\",\\\"ktt\\\":\\\"0.000000e+0\\\",\\\"ktp\\\":\\\"0.000000e+0\\\",\\\"kpt\\\":\\\"0.000000e+0\\\",\\\"kpp\\\":\\\"0.000000e+0\\\",\\\"ctt\\\":\\\"0.000000e+0\\\",\\\"ctp\\\":\\\"0.000000e+0\\\",\\\"cpt\\\":\\\"0.000000e+0\\\",\\\"cpp\\\":\\\"0.000000e+0\\\",\\\"group\\\":\\\"rollerbearings\\\",\\\"info\\\":{\\\"text\\\":\\\"RollerBearing \\\",\\\"x\\\":10,\\\"y\\\":10,\\\"color\\\":\\\"red\\\"},\\\"area\\\":{\\\"d\\\":\\\"M-20,-45 l20,24 l20,-24 Z\\\"},\\\"border\\\":{\\\"x\\\":-10,\\\"y\\\":-45,\\\"w\\\":20,\\\"h\\\":20},\\\"nodeId\\\":9,\\\"groupId\\\":0},{\\\"rollerBearingId\\\":\\\"\\\",\\\"position\\\":\\\"5.000000e-1\\\",\\\"mass\\\":\\\"5.000000e-1\\\",\\\"inertia\\\":\\\"0.000000e+0\\\",\\\"kxx\\\":\\\"1.000000e+7\\\",\\\"kxz\\\":\\\"0.000000e+0\\\",\\\"kzx\\\":\\\"0.000000e+0\\\",\\\"kzz\\\":\\\"1.000000e+7\\\",\\\"cxx\\\":\\\"6.000000e+2\\\",\\\"cxz\\\":\\\"0.000000e+0\\\",\\\"czx\\\":\\\"0.000000e+0\\\",\\\"czz\\\":\\\"6.000000e+2\\\",\\\"ktt\\\":\\\"0.000000e+0\\\",\\\"ktp\\\":\\\"0.000000e+0\\\",\\\"kpt\\\":\\\"0.000000e+0\\\",\\\"kpp\\\":\\\"0.000000e+0\\\",\\\"ctt\\\":\\\"0.000000e+0\\\",\\\"ctp\\\":\\\"0.000000e+0\\\",\\\"cpt\\\":\\\"0.000000e+0\\\",\\\"cpp\\\":\\\"0.000000e+0\\\",\\\"group\\\":\\\"rollerbearings\\\",\\\"info\\\":{\\\"text\\\":\\\"RollerBearing \\\",\\\"x\\\":10,\\\"y\\\":10,\\\"color\\\":\\\"red\\\"},\\\"area\\\":{\\\"d\\\":\\\"M480,-45 l20,24 l20,-24 Z\\\"},\\\"border\\\":{\\\"x\\\":490,\\\"y\\\":-45,\\\"w\\\":20,\\\"h\\\":20},\\\"nodeId\\\":10,\\\"groupId\\\":1}]\"', '\"[]\"', '\"[{\\\"foundationId\\\":\\\"\\\",\\\"position\\\":\\\"0.000000e+0\\\",\\\"mass\\\":\\\"2.000000e+0\\\",\\\"kxx\\\":\\\"1.000000e+7\\\",\\\"kzz\\\":\\\"1.000000e+7\\\",\\\"cxx\\\":\\\"0.000000e+0\\\",\\\"czz\\\":\\\"0.000000e+0\\\",\\\"group\\\":\\\"foundations\\\",\\\"info\\\":{\\\"text\\\":\\\"Foundation \\\",\\\"x\\\":10,\\\"y\\\":10,\\\"color\\\":\\\"maroon\\\"},\\\"area\\\":{\\\"d\\\":\\\"M-20,-74 l20,24 l20,-24 Z\\\"},\\\"border\\\":{\\\"x\\\":-10,\\\"y\\\":-74,\\\"w\\\":20,\\\"h\\\":20},\\\"nodeId\\\":11,\\\"groupId\\\":0},{\\\"foundationId\\\":\\\"\\\",\\\"position\\\":\\\"5.000000e-1\\\",\\\"mass\\\":\\\"2.000000e+0\\\",\\\"kxx\\\":\\\"1.000000e+7\\\",\\\"kzz\\\":\\\"1.000000e+7\\\",\\\"cxx\\\":\\\"0.000000e+0\\\",\\\"czz\\\":\\\"0.000000e+0\\\",\\\"group\\\":\\\"foundations\\\",\\\"info\\\":{\\\"text\\\":\\\"Foundation \\\",\\\"x\\\":10,\\\"y\\\":10,\\\"color\\\":\\\"maroon\\\"},\\\"area\\\":{\\\"d\\\":\\\"M480,-74 l20,24 l20,-24 Z\\\"},\\\"border\\\":{\\\"x\\\":490,\\\"y\\\":-74,\\\"w\\\":20,\\\"h\\\":20},\\\"nodeId\\\":12,\\\"groupId\\\":1}]\"', '\"[]\"', '\"[]\"', '1.920000e+0', 'null', NULL, NULL, NULL, NULL),
('gypMR319joZMYpat3Thuk', '4y41cdvcynfS7MB46A5RV', '\"[{\\\"position\\\":\\\"5.000000e-2\\\",\\\"externalDiameter\\\":\\\"2.500000e-2\\\",\\\"internalDiameter\\\":\\\"0.000000e+0\\\",\\\"young\\\":\\\"2.100000e+11\\\",\\\"poisson\\\":\\\"3.000000e-1\\\",\\\"density\\\":\\\"7.850000e+3\\\",\\\"axialForce\\\":\\\"0.000000e+0\\\",\\\"magneticForce\\\":\\\"0.000000e+0\\\",\\\"group\\\":\\\"sections\\\",\\\"info\\\":{\\\"text\\\":\\\"Section \\\",\\\"x\\\":10,\\\"y\\\":10,\\\"color\\\":\\\"green\\\"},\\\"area\\\":{\\\"d\\\":\\\"M0,-12.5 v25 h50 v-25 Z\\\"},\\\"border\\\":{\\\"x\\\":0,\\\"y\\\":-12.5,\\\"w\\\":50,\\\"h\\\":25}},{\\\"position\\\":\\\"1.500000e-1\\\",\\\"externalDiameter\\\":\\\"3.500000e-2\\\",\\\"internalDiameter\\\":\\\"0.000000e+0\\\",\\\"young\\\":\\\"2.100000e+11\\\",\\\"poisson\\\":\\\"3.000000e-1\\\",\\\"density\\\":\\\"7.850000e+3\\\",\\\"axialForce\\\":\\\"0.000000e+0\\\",\\\"magneticForce\\\":\\\"0.000000e+0\\\",\\\"group\\\":\\\"sections\\\",\\\"info\\\":{\\\"text\\\":\\\"Section \\\",\\\"x\\\":10,\\\"y\\\":10,\\\"color\\\":\\\"green\\\"},\\\"area\\\":{\\\"d\\\":\\\"M50,-17.5 v35 h100 v-35 Z\\\"},\\\"border\\\":{\\\"x\\\":50,\\\"y\\\":-17.5,\\\"w\\\":100,\\\"h\\\":35}},{\\\"position\\\":\\\"3.000000e-1\\\",\\\"externalDiameter\\\":\\\"4.500000e-2\\\",\\\"internalDiameter\\\":\\\"0.000000e+0\\\",\\\"young\\\":\\\"2.100000e+11\\\",\\\"poisson\\\":\\\"3.000000e-1\\\",\\\"density\\\":\\\"7.850000e+3\\\",\\\"axialForce\\\":\\\"0.000000e+0\\\",\\\"magneticForce\\\":\\\"0.000000e+0\\\",\\\"group\\\":\\\"sections\\\",\\\"info\\\":{\\\"text\\\":\\\"Section \\\",\\\"x\\\":10,\\\"y\\\":10,\\\"color\\\":\\\"green\\\"},\\\"area\\\":{\\\"d\\\":\\\"M150,-22.5 v45 h150 v-45 Z\\\"},\\\"border\\\":{\\\"x\\\":150,\\\"y\\\":-22.5,\\\"w\\\":150,\\\"h\\\":45}},{\\\"position\\\":\\\"4.000000e-1\\\",\\\"externalDiameter\\\":\\\"3.500000e-2\\\",\\\"internalDiameter\\\":\\\"0.000000e+0\\\",\\\"young\\\":\\\"2.100000e+11\\\",\\\"poisson\\\":\\\"3.000000e-1\\\",\\\"density\\\":\\\"7.850000e+3\\\",\\\"axialForce\\\":\\\"0.000000e+0\\\",\\\"magneticForce\\\":\\\"0.000000e+0\\\",\\\"group\\\":\\\"sections\\\",\\\"info\\\":{\\\"text\\\":\\\"Section \\\",\\\"x\\\":10,\\\"y\\\":10,\\\"color\\\":\\\"green\\\"},\\\"area\\\":{\\\"d\\\":\\\"M300,-17.5 v35 h100 v-35 Z\\\"},\\\"border\\\":{\\\"x\\\":300,\\\"y\\\":-17.5,\\\"w\\\":100,\\\"h\\\":35}},{\\\"position\\\":\\\"4.500000e-1\\\",\\\"externalDiameter\\\":\\\"2.500000e-2\\\",\\\"internalDiameter\\\":\\\"0.000000e+0\\\",\\\"young\\\":\\\"2.100000e+11\\\",\\\"poisson\\\":\\\"3.000000e-1\\\",\\\"density\\\":\\\"7.850000e+3\\\",\\\"axialForce\\\":\\\"0.000000e+0\\\",\\\"magneticForce\\\":\\\"0.000000e+0\\\",\\\"group\\\":\\\"sections\\\",\\\"info\\\":{\\\"text\\\":\\\"Section \\\",\\\"x\\\":10,\\\"y\\\":10,\\\"color\\\":\\\"green\\\"},\\\"area\\\":{\\\"d\\\":\\\"M400,-12.5 v25 h50 v-25 Z\\\"},\\\"border\\\":{\\\"x\\\":400,\\\"y\\\":-12.5,\\\"w\\\":50,\\\"h\\\":25}}]\"', '\"[{\\\"position\\\":\\\"3.000000e-1\\\",\\\"externalDiameter\\\":\\\"2.000000e-1\\\",\\\"internalDiameter\\\":\\\"4.500000e-2\\\",\\\"thickness\\\":\\\"2.000000e-2\\\",\\\"density\\\":\\\"7.850000e+3\\\",\\\"ix\\\":\\\"0.000000e+0\\\",\\\"iy\\\":\\\"0.000000e+0\\\",\\\"iz\\\":\\\"0.000000e+0\\\",\\\"length\\\":\\\"0.000000e+0\\\",\\\"mass\\\":\\\"0.000000e+0\\\",\\\"group\\\":\\\"discs\\\",\\\"info\\\":{\\\"text\\\":\\\"Disc \\\",\\\"x\\\":10,\\\"y\\\":10,\\\"color\\\":\\\"blue\\\"},\\\"area\\\":{\\\"d\\\":\\\"M290,-100 v200 h20 v-200 Z\\\"},\\\"border\\\":{\\\"x\\\":290,\\\"y\\\":-100,\\\"w\\\":20,\\\"h\\\":200}}]\"', '\"[{\\\"position\\\":\\\"0.000000e+0\\\",\\\"mass\\\":\\\"2.000000e+0\\\",\\\"inertia\\\":\\\"0.000000e+0\\\",\\\"kxx\\\":\\\"1.000000e+7\\\",\\\"kxz\\\":\\\"0.000000e+0\\\",\\\"kzx\\\":\\\"0.000000e+0\\\",\\\"kzz\\\":\\\"1.000000e+7\\\",\\\"cxx\\\":\\\"6.000000e+2\\\",\\\"cxz\\\":\\\"0.000000e+0\\\",\\\"czx\\\":\\\"0.000000e+0\\\",\\\"czz\\\":\\\"6.000000e+2\\\",\\\"ktt\\\":\\\"0.000000e+0\\\",\\\"ktp\\\":\\\"0.000000e+0\\\",\\\"kpt\\\":\\\"0.000000e+0\\\",\\\"kpp\\\":\\\"0.000000e+0\\\",\\\"ctt\\\":\\\"0.000000e+0\\\",\\\"ctp\\\":\\\"0.000000e+0\\\",\\\"cpt\\\":\\\"0.000000e+0\\\",\\\"cpp\\\":\\\"0.000000e+0\\\",\\\"group\\\":\\\"rollerbearings\\\",\\\"info\\\":{\\\"text\\\":\\\"RollerBearing \\\",\\\"x\\\":10,\\\"y\\\":10,\\\"color\\\":\\\"red\\\"},\\\"area\\\":{\\\"d\\\":\\\"M-20,-45 l20,24 l20,-24 Z\\\"},\\\"border\\\":{\\\"x\\\":-10,\\\"y\\\":-45,\\\"w\\\":20,\\\"h\\\":20}},{\\\"position\\\":\\\"4.500000e-1\\\",\\\"mass\\\":\\\"2.000000e+0\\\",\\\"inertia\\\":\\\"0.000000e+0\\\",\\\"kxx\\\":\\\"1.000000e+7\\\",\\\"kxz\\\":\\\"0.000000e+0\\\",\\\"kzx\\\":\\\"0.000000e+0\\\",\\\"kzz\\\":\\\"1.000000e+7\\\",\\\"cxx\\\":\\\"6.000000e+2\\\",\\\"cxz\\\":\\\"0.000000e+0\\\",\\\"czx\\\":\\\"0.000000e+0\\\",\\\"czz\\\":\\\"6.000000e+2\\\",\\\"ktt\\\":\\\"0.000000e+0\\\",\\\"ktp\\\":\\\"0.000000e+0\\\",\\\"kpt\\\":\\\"0.000000e+0\\\",\\\"kpp\\\":\\\"0.000000e+0\\\",\\\"ctt\\\":\\\"0.000000e+0\\\",\\\"ctp\\\":\\\"0.000000e+0\\\",\\\"cpt\\\":\\\"0.000000e+0\\\",\\\"cpp\\\":\\\"0.000000e+0\\\",\\\"group\\\":\\\"rollerbearings\\\",\\\"info\\\":{\\\"text\\\":\\\"RollerBearing \\\",\\\"x\\\":10,\\\"y\\\":10,\\\"color\\\":\\\"red\\\"},\\\"area\\\":{\\\"d\\\":\\\"M430,-45 l20,24 l20,-24 Z\\\"},\\\"border\\\":{\\\"x\\\":440,\\\"y\\\":-45,\\\"w\\\":20,\\\"h\\\":20}}]\"', '\"[]\"', '\"[]\"', '\"[]\"', '\"[]\"', '2.190000e+0', 'null', NULL, NULL, NULL, NULL),
('oVJGfwaw2yEQyBr7cGV6q', 'XSuHZcygKK8Pd025uNA7T', '\"[]\"', '\"[]\"', '\"[]\"', '\"[]\"', '\"[]\"', '\"[]\"', '\"[]\"', '1.000000e+0', 'null', NULL, NULL, NULL, NULL),
('7g0J0bVndHjQU2F1ljaM5', 'vCFfQKycAAL81SRSwq0OD', '\"[{\\\"position\\\":\\\"1.000000e-1\\\",\\\"externalDiameter\\\":\\\"5.000000e-2\\\",\\\"internalDiameter\\\":\\\"0.000000e+0\\\",\\\"young\\\":\\\"2.100000e+11\\\",\\\"poisson\\\":\\\"3.000000e-1\\\",\\\"density\\\":\\\"7.850000e+3\\\",\\\"axialForce\\\":\\\"0.000000e+0\\\",\\\"magneticForce\\\":\\\"0.000000e+0\\\",\\\"insertAt\\\":0,\\\"ribs\\\":[],\\\"group\\\":\\\"sections\\\",\\\"info\\\":{\\\"text\\\":\\\"Section \\\",\\\"x\\\":10,\\\"y\\\":10,\\\"color\\\":\\\"green\\\"},\\\"area\\\":{\\\"d\\\":\\\"M0,-25 v50 h100 v-50 Z\\\"},\\\"border\\\":{\\\"x\\\":0,\\\"y\\\":-25,\\\"w\\\":100,\\\"h\\\":50}},{\\\"position\\\":\\\"2.500000e-1\\\",\\\"externalDiameter\\\":\\\"7.000000e-2\\\",\\\"internalDiameter\\\":\\\"0.000000e+0\\\",\\\"young\\\":\\\"2.100000e+11\\\",\\\"poisson\\\":\\\"3.000000e-1\\\",\\\"density\\\":\\\"7.850000e+3\\\",\\\"axialForce\\\":\\\"0.000000e+0\\\",\\\"magneticForce\\\":\\\"0.000000e+0\\\",\\\"insertAt\\\":1,\\\"ribs\\\":[{\\\"position\\\":\\\"2.500000e-1\\\",\\\"number\\\":\\\"6.000000e+0\\\",\\\"webThickness\\\":\\\"6.000000e-3\\\",\\\"webDepth\\\":\\\"6.000000e-2\\\",\\\"flangeThick\\\":\\\"4.000000e-3\\\",\\\"flangeWidth\\\":\\\"3.000000e-2\\\",\\\"group\\\":\\\"ribs\\\",\\\"info\\\":{\\\"text\\\":\\\"Rib \\\",\\\"x\\\":10,\\\"y\\\":10,\\\"color\\\":\\\"yellow\\\"},\\\"area\\\":{\\\"d\\\":\\\"M100,-97 v-4 h150 v4 Z v60 h150 v-60 Z M100,97 v4 h150 v-4 Z v-60 h150 v60 Z\\\"},\\\"border\\\":{\\\"x\\\":100,\\\"y\\\":60,\\\"w\\\":150,\\\"h\\\":60}}],\\\"group\\\":\\\"sections\\\",\\\"info\\\":{\\\"text\\\":\\\"Section \\\",\\\"x\\\":10,\\\"y\\\":10,\\\"color\\\":\\\"green\\\"},\\\"area\\\":{\\\"d\\\":\\\"M100,-35 v70 h150 v-70 Z\\\"},\\\"border\\\":{\\\"x\\\":100,\\\"y\\\":-35,\\\"w\\\":150,\\\"h\\\":70}},{\\\"position\\\":\\\"5.500000e-1\\\",\\\"externalDiameter\\\":\\\"8.000000e-2\\\",\\\"internalDiameter\\\":\\\"0.000000e+0\\\",\\\"young\\\":\\\"2.100000e+11\\\",\\\"poisson\\\":\\\"3.000000e-1\\\",\\\"density\\\":\\\"7.850000e+3\\\",\\\"axialForce\\\":\\\"0.000000e+0\\\",\\\"magneticForce\\\":\\\"0.000000e+0\\\",\\\"insertAt\\\":2,\\\"ribs\\\":[],\\\"group\\\":\\\"sections\\\",\\\"info\\\":{\\\"text\\\":\\\"Section \\\",\\\"x\\\":10,\\\"y\\\":10,\\\"color\\\":\\\"green\\\"},\\\"area\\\":{\\\"d\\\":\\\"M250,-40 v80 h300 v-80 Z\\\"},\\\"border\\\":{\\\"x\\\":250,\\\"y\\\":-40,\\\"w\\\":300,\\\"h\\\":80}},{\\\"position\\\":\\\"8.500000e-1\\\",\\\"externalDiameter\\\":\\\"1.000000e-1\\\",\\\"internalDiameter\\\":\\\"0.000000e+0\\\",\\\"young\\\":\\\"2.100000e+11\\\",\\\"poisson\\\":\\\"3.000000e-1\\\",\\\"density\\\":\\\"7.850000e+3\\\",\\\"axialForce\\\":\\\"0.000000e+0\\\",\\\"magneticForce\\\":\\\"0.000000e+0\\\",\\\"insertAt\\\":3,\\\"ribs\\\":[],\\\"group\\\":\\\"sections\\\",\\\"info\\\":{\\\"text\\\":\\\"Section \\\",\\\"x\\\":10,\\\"y\\\":10,\\\"color\\\":\\\"green\\\"},\\\"area\\\":{\\\"d\\\":\\\"M550,-50 v100 h300 v-100 Z\\\"},\\\"border\\\":{\\\"x\\\":550,\\\"y\\\":-50,\\\"w\\\":300,\\\"h\\\":100}},{\\\"position\\\":\\\"1.050000e+0\\\",\\\"externalDiameter\\\":\\\"8.000000e-2\\\",\\\"internalDiameter\\\":\\\"0.000000e+0\\\",\\\"young\\\":\\\"2.100000e+11\\\",\\\"poisson\\\":\\\"3.000000e-1\\\",\\\"density\\\":\\\"7.850000e+3\\\",\\\"axialForce\\\":\\\"0.000000e+0\\\",\\\"magneticForce\\\":\\\"0.000000e+0\\\",\\\"insertAt\\\":4,\\\"ribs\\\":[],\\\"group\\\":\\\"sections\\\",\\\"info\\\":{\\\"text\\\":\\\"Section \\\",\\\"x\\\":10,\\\"y\\\":10,\\\"color\\\":\\\"green\\\"},\\\"area\\\":{\\\"d\\\":\\\"M850,-40 v80 h200 v-80 Z\\\"},\\\"border\\\":{\\\"x\\\":850,\\\"y\\\":-40,\\\"w\\\":200,\\\"h\\\":80}},{\\\"position\\\":\\\"1.150000e+0\\\",\\\"externalDiameter\\\":\\\"5.000000e-2\\\",\\\"internalDiameter\\\":\\\"0.000000e+0\\\",\\\"young\\\":\\\"2.100000e+11\\\",\\\"poisson\\\":\\\"3.000000e-1\\\",\\\"density\\\":\\\"7.850000e+3\\\",\\\"axialForce\\\":\\\"0.000000e+0\\\",\\\"magneticForce\\\":\\\"0.000000e+0\\\",\\\"insertAt\\\":5,\\\"ribs\\\":[],\\\"group\\\":\\\"sections\\\",\\\"info\\\":{\\\"text\\\":\\\"Section \\\",\\\"x\\\":10,\\\"y\\\":10,\\\"color\\\":\\\"green\\\"},\\\"area\\\":{\\\"d\\\":\\\"M1050,-25 v50 h100 v-50 Z\\\"},\\\"border\\\":{\\\"x\\\":1050,\\\"y\\\":-25,\\\"w\\\":100,\\\"h\\\":50}}]\"', '\"[{\\\"position\\\":\\\"5.500000e-1\\\",\\\"externalDiameter\\\":\\\"3.000000e-1\\\",\\\"internalDiameter\\\":\\\"1.000000e-1\\\",\\\"thickness\\\":\\\"8.000000e-2\\\",\\\"density\\\":\\\"7.850000e+3\\\",\\\"ix\\\":\\\"0.000000e+0\\\",\\\"iy\\\":\\\"0.000000e+0\\\",\\\"iz\\\":\\\"0.000000e+0\\\",\\\"length\\\":\\\"0.000000e+0\\\",\\\"mass\\\":\\\"0.000000e+0\\\",\\\"mode\\\":\\\"disc\\\",\\\"group\\\":\\\"discs\\\",\\\"info\\\":{\\\"text\\\":\\\"Disc \\\",\\\"x\\\":10,\\\"y\\\":10,\\\"color\\\":\\\"blue\\\"},\\\"area\\\":{\\\"d\\\":\\\"M510,-150 v98 h80 v-98 Z M 510,52 v98 h80 v-98 Z\\\"},\\\"border\\\":{\\\"x\\\":510,\\\"y\\\":-150,\\\"w\\\":80,\\\"h\\\":300}},{\\\"position\\\":\\\"8.500000e-1\\\",\\\"externalDiameter\\\":\\\"4.000000e-1\\\",\\\"internalDiameter\\\":\\\"1.000000e-1\\\",\\\"thickness\\\":\\\"8.000000e-2\\\",\\\"density\\\":\\\"7.850000e+3\\\",\\\"ix\\\":\\\"0.000000e+0\\\",\\\"iy\\\":\\\"0.000000e+0\\\",\\\"iz\\\":\\\"0.000000e+0\\\",\\\"length\\\":\\\"0.000000e+0\\\",\\\"mass\\\":\\\"0.000000e+0\\\",\\\"mode\\\":\\\"disc\\\",\\\"group\\\":\\\"discs\\\",\\\"info\\\":{\\\"text\\\":\\\"Disc \\\",\\\"x\\\":10,\\\"y\\\":10,\\\"color\\\":\\\"blue\\\"},\\\"area\\\":{\\\"d\\\":\\\"M810,-200 v148 h80 v-148 Z M 810,52 v148 h80 v-148 Z\\\"},\\\"border\\\":{\\\"x\\\":810,\\\"y\\\":-200,\\\"w\\\":80,\\\"h\\\":400}}]\"', '\"[{\\\"position\\\":\\\"5.000000e-2\\\",\\\"mass\\\":\\\"5.000000e-1\\\",\\\"inertia\\\":\\\"0.000000e+0\\\",\\\"kxx\\\":\\\"1.000000e+8\\\",\\\"kxz\\\":\\\"0.000000e+0\\\",\\\"kzx\\\":\\\"0.000000e+0\\\",\\\"kzz\\\":\\\"3.000000e+8\\\",\\\"cxx\\\":\\\"1.000000e+3\\\",\\\"cxz\\\":\\\"0.000000e+0\\\",\\\"czx\\\":\\\"0.000000e+0\\\",\\\"czz\\\":\\\"2.000000e+3\\\",\\\"ktt\\\":\\\"1.000000e+4\\\",\\\"ktp\\\":\\\"0.000000e+0\\\",\\\"kpt\\\":\\\"0.000000e+0\\\",\\\"kpp\\\":\\\"2.000000e+4\\\",\\\"ctt\\\":\\\"0.000000e+0\\\",\\\"ctp\\\":\\\"0.000000e+0\\\",\\\"cpt\\\":\\\"0.000000e+0\\\",\\\"cpp\\\":\\\"0.000000e+0\\\",\\\"group\\\":\\\"rollerbearings\\\",\\\"info\\\":{\\\"text\\\":\\\"RollerBearing \\\",\\\"x\\\":10,\\\"y\\\":10,\\\"color\\\":\\\"red\\\"},\\\"area\\\":{\\\"d\\\":\\\"M30,-51 l20,24 l20,-24 Z M30,51 l20,-24 l20,24 Z\\\"},\\\"border\\\":{\\\"x\\\":40,\\\"y\\\":-51,\\\"w\\\":20,\\\"h\\\":20}},{\\\"position\\\":\\\"1.100000e+0\\\",\\\"mass\\\":\\\"5.000000e-1\\\",\\\"inertia\\\":\\\"0.000000e+0\\\",\\\"kxx\\\":\\\"1.000000e+8\\\",\\\"kxz\\\":\\\"0.000000e+0\\\",\\\"kzx\\\":\\\"0.000000e+0\\\",\\\"kzz\\\":\\\"3.000000e+8\\\",\\\"cxx\\\":\\\"1.000000e+3\\\",\\\"cxz\\\":\\\"0.000000e+0\\\",\\\"czx\\\":\\\"0.000000e+0\\\",\\\"czz\\\":\\\"2.000000e+3\\\",\\\"ktt\\\":\\\"1.000000e+4\\\",\\\"ktp\\\":\\\"0.000000e+0\\\",\\\"kpt\\\":\\\"0.000000e+0\\\",\\\"kpp\\\":\\\"2.000000e+4\\\",\\\"ctt\\\":\\\"0.000000e+0\\\",\\\"ctp\\\":\\\"0.000000e+0\\\",\\\"cpt\\\":\\\"0.000000e+0\\\",\\\"cpp\\\":\\\"0.000000e+0\\\",\\\"group\\\":\\\"rollerbearings\\\",\\\"info\\\":{\\\"text\\\":\\\"RollerBearing \\\",\\\"x\\\":10,\\\"y\\\":10,\\\"color\\\":\\\"red\\\"},\\\"area\\\":{\\\"d\\\":\\\"M1080,-51 l20,24 l20,-24 Z M1080,51 l20,-24 l20,24 Z\\\"},\\\"border\\\":{\\\"x\\\":1090,\\\"y\\\":-51,\\\"w\\\":20,\\\"h\\\":20}}]\"', '\"[]\"', '\"[{\\\"position\\\":\\\"5.000000e-2\\\",\\\"mass\\\":\\\"1.000000e+1\\\",\\\"kxx\\\":\\\"1.000000e+9\\\",\\\"kzz\\\":\\\"1.000000e+9\\\",\\\"cxx\\\":\\\"0.000000e+0\\\",\\\"czz\\\":\\\"0.000000e+0\\\",\\\"group\\\":\\\"foundations\\\",\\\"info\\\":{\\\"text\\\":\\\"Foundation \\\",\\\"x\\\":10,\\\"y\\\":10,\\\"color\\\":\\\"maroon\\\"},\\\"area\\\":{\\\"d\\\":\\\"M30,-77 l20,24 l20,-24 Z M30,77 l20,-24 l20,24 Z\\\"},\\\"border\\\":{\\\"x\\\":40,\\\"y\\\":-77,\\\"w\\\":20,\\\"h\\\":20}},{\\\"position\\\":\\\"1.100000e+0\\\",\\\"mass\\\":\\\"1.000000e+1\\\",\\\"kxx\\\":\\\"1.000000e+9\\\",\\\"kzz\\\":\\\"1.000000e+9\\\",\\\"cxx\\\":\\\"0.000000e+0\\\",\\\"czz\\\":\\\"0.000000e+0\\\",\\\"group\\\":\\\"foundations\\\",\\\"info\\\":{\\\"text\\\":\\\"Foundation \\\",\\\"x\\\":10,\\\"y\\\":10,\\\"color\\\":\\\"maroon\\\"},\\\"area\\\":{\\\"d\\\":\\\"M1080,-77 l20,24 l20,-24 Z M1080,77 l20,-24 l20,24 Z\\\"},\\\"border\\\":{\\\"x\\\":1090,\\\"y\\\":-77,\\\"w\\\":20,\\\"h\\\":20}}]\"', '\"[]\"', '\"[]\"', '1.860000e+0', 'null', NULL, NULL, NULL, NULL),
('nVXbBQf5Lnn9uExCz70tc', 'gB86T5YooN9FXajMf5yRL', '\"[{\\\"position\\\":\\\"1.000000e-1\\\",\\\"externalDiameter\\\":\\\"5.000000e-2\\\",\\\"internalDiameter\\\":\\\"0.000000e+0\\\",\\\"young\\\":\\\"2.100000e+11\\\",\\\"poisson\\\":\\\"3.000000e-1\\\",\\\"density\\\":\\\"7.850000e+3\\\",\\\"axialForce\\\":\\\"0.000000e+0\\\",\\\"magneticForce\\\":\\\"0.000000e+0\\\",\\\"group\\\":\\\"sections\\\",\\\"info\\\":{\\\"text\\\":\\\"Section \\\",\\\"x\\\":10,\\\"y\\\":10,\\\"color\\\":\\\"green\\\"},\\\"area\\\":{\\\"d\\\":\\\"M0,-25 v50 h100 v-50 Z\\\"},\\\"border\\\":{\\\"x\\\":0,\\\"y\\\":-25,\\\"w\\\":100,\\\"h\\\":50}},{\\\"position\\\":\\\"2.500000e-1\\\",\\\"externalDiameter\\\":\\\"7.000000e-2\\\",\\\"internalDiameter\\\":\\\"0.000000e+0\\\",\\\"young\\\":\\\"2.100000e+11\\\",\\\"poisson\\\":\\\"3.000000e-1\\\",\\\"density\\\":\\\"7.850000e+3\\\",\\\"axialForce\\\":\\\"0.000000e+0\\\",\\\"magneticForce\\\":\\\"0.000000e+0\\\",\\\"group\\\":\\\"sections\\\",\\\"info\\\":{\\\"text\\\":\\\"Section \\\",\\\"x\\\":10,\\\"y\\\":10,\\\"color\\\":\\\"green\\\"},\\\"area\\\":{\\\"d\\\":\\\"M100,-35 v70 h150 v-70 Z\\\"},\\\"border\\\":{\\\"x\\\":100,\\\"y\\\":-35,\\\"w\\\":150,\\\"h\\\":70}},{\\\"position\\\":\\\"5.500000e-1\\\",\\\"externalDiameter\\\":\\\"8.000000e-2\\\",\\\"internalDiameter\\\":\\\"0.000000e+0\\\",\\\"young\\\":\\\"2.100000e+11\\\",\\\"poisson\\\":\\\"3.000000e-1\\\",\\\"density\\\":\\\"7.850000e+3\\\",\\\"axialForce\\\":\\\"0.000000e+0\\\",\\\"magneticForce\\\":\\\"0.000000e+0\\\",\\\"group\\\":\\\"sections\\\",\\\"info\\\":{\\\"text\\\":\\\"Section \\\",\\\"x\\\":10,\\\"y\\\":10,\\\"color\\\":\\\"green\\\"},\\\"area\\\":{\\\"d\\\":\\\"M250,-40 v80 h300 v-80 Z\\\"},\\\"border\\\":{\\\"x\\\":250,\\\"y\\\":-40,\\\"w\\\":300,\\\"h\\\":80}},{\\\"position\\\":\\\"8.500000e-1\\\",\\\"externalDiameter\\\":\\\"1.000000e-1\\\",\\\"internalDiameter\\\":\\\"0.000000e+0\\\",\\\"young\\\":\\\"2.100000e+11\\\",\\\"poisson\\\":\\\"3.000000e-1\\\",\\\"density\\\":\\\"7.850000e+3\\\",\\\"axialForce\\\":\\\"0.000000e+0\\\",\\\"magneticForce\\\":\\\"0.000000e+0\\\",\\\"group\\\":\\\"sections\\\",\\\"info\\\":{\\\"text\\\":\\\"Section \\\",\\\"x\\\":10,\\\"y\\\":10,\\\"color\\\":\\\"green\\\"},\\\"area\\\":{\\\"d\\\":\\\"M550,-50 v100 h300 v-100 Z\\\"},\\\"border\\\":{\\\"x\\\":550,\\\"y\\\":-50,\\\"w\\\":300,\\\"h\\\":100}},{\\\"position\\\":\\\"1.050000e+0\\\",\\\"externalDiameter\\\":\\\"8.000000e-2\\\",\\\"internalDiameter\\\":\\\"0.000000e+0\\\",\\\"young\\\":\\\"2.100000e+11\\\",\\\"poisson\\\":\\\"3.000000e-1\\\",\\\"density\\\":\\\"7.850000e+3\\\",\\\"axialForce\\\":\\\"0.000000e+0\\\",\\\"magneticForce\\\":\\\"0.000000e+0\\\",\\\"group\\\":\\\"sections\\\",\\\"info\\\":{\\\"text\\\":\\\"Section \\\",\\\"x\\\":10,\\\"y\\\":10,\\\"color\\\":\\\"green\\\"},\\\"area\\\":{\\\"d\\\":\\\"M850,-40 v80 h200 v-80 Z\\\"},\\\"border\\\":{\\\"x\\\":850,\\\"y\\\":-40,\\\"w\\\":200,\\\"h\\\":80}},{\\\"position\\\":\\\"1.150000e+0\\\",\\\"externalDiameter\\\":\\\"5.000000e-2\\\",\\\"internalDiameter\\\":\\\"0.000000e+0\\\",\\\"young\\\":\\\"2.100000e+11\\\",\\\"poisson\\\":\\\"3.000000e-1\\\",\\\"density\\\":\\\"7.850000e+3\\\",\\\"axialForce\\\":\\\"0.000000e+0\\\",\\\"magneticForce\\\":\\\"0.000000e+0\\\",\\\"group\\\":\\\"sections\\\",\\\"info\\\":{\\\"text\\\":\\\"Section \\\",\\\"x\\\":10,\\\"y\\\":10,\\\"color\\\":\\\"green\\\"},\\\"area\\\":{\\\"d\\\":\\\"M1050,-25 v50 h100 v-50 Z\\\"},\\\"border\\\":{\\\"x\\\":1050,\\\"y\\\":-25,\\\"w\\\":100,\\\"h\\\":50}}]\"', '\"[{\\\"position\\\":\\\"5.500000e-1\\\",\\\"externalDiameter\\\":\\\"3.000000e-1\\\",\\\"internalDiameter\\\":\\\"1.000000e-1\\\",\\\"thickness\\\":\\\"8.000000e-2\\\",\\\"density\\\":\\\"7.850000e+3\\\",\\\"ix\\\":\\\"0.000000e+0\\\",\\\"iy\\\":\\\"0.000000e+0\\\",\\\"iz\\\":\\\"0.000000e+0\\\",\\\"length\\\":\\\"0.000000e+0\\\",\\\"mass\\\":\\\"0.000000e+0\\\",\\\"group\\\":\\\"discs\\\",\\\"info\\\":{\\\"text\\\":\\\"Disc \\\",\\\"x\\\":10,\\\"y\\\":10,\\\"color\\\":\\\"blue\\\"},\\\"area\\\":{\\\"d\\\":\\\"M510,-150 v300 h80 v-300 Z\\\"},\\\"border\\\":{\\\"x\\\":510,\\\"y\\\":-150,\\\"w\\\":80,\\\"h\\\":300}},{\\\"position\\\":\\\"8.500000e-1\\\",\\\"externalDiameter\\\":\\\"4.000000e-1\\\",\\\"internalDiameter\\\":\\\"1.000000e-1\\\",\\\"thickness\\\":\\\"8.000000e-2\\\",\\\"density\\\":\\\"7.850000e+3\\\",\\\"ix\\\":\\\"0.000000e+0\\\",\\\"iy\\\":\\\"0.000000e+0\\\",\\\"iz\\\":\\\"0.000000e+0\\\",\\\"length\\\":\\\"0.000000e+0\\\",\\\"mass\\\":\\\"0.000000e+0\\\",\\\"group\\\":\\\"discs\\\",\\\"info\\\":{\\\"text\\\":\\\"Disc \\\",\\\"x\\\":10,\\\"y\\\":10,\\\"color\\\":\\\"blue\\\"},\\\"area\\\":{\\\"d\\\":\\\"M810,-200 v400 h80 v-400 Z\\\"},\\\"border\\\":{\\\"x\\\":810,\\\"y\\\":-200,\\\"w\\\":80,\\\"h\\\":400}}]\"', '\"[]\"', '\"[{\\\"position\\\":\\\"0.000000e+0\\\",\\\"optimization\\\":[],\\\"rotations\\\":[{\\\"speed\\\":\\\"5.000000e+2\\\",\\\"kxx\\\":\\\"2.374772e+7\\\",\\\"kxz\\\":\\\"3.727482e+5\\\",\\\"kzx\\\":\\\"-5.081250e+7\\\",\\\"kzz\\\":\\\"5.631491e+7\\\",\\\"cxx\\\":\\\"4.198576e+5\\\",\\\"cxz\\\":\\\"-4.653233e+5\\\",\\\"czx\\\":\\\"-4.653233e+5\\\",\\\"czz\\\":\\\"1.535275e+6\\\"},{\\\"speed\\\":\\\"1.025000e+4\\\",\\\"kxx\\\":\\\"2.967920e+7\\\",\\\"kxz\\\":\\\"1.052110e+8\\\",\\\"kzx\\\":\\\"-1.131438e+8\\\",\\\"kzz\\\":\\\"1.570999e+7\\\",\\\"cxx\\\":\\\"1.992976e+5\\\",\\\"cxz\\\":\\\"-2.767241e+4\\\",\\\"czx\\\":\\\"-2.767241e+4\\\",\\\"czz\\\":\\\"2.075580e+5\\\"},{\\\"speed\\\":\\\"2.000000e+4\\\",\\\"kxx\\\":\\\"2.983615e+7\\\",\\\"kxz\\\":\\\"2.055343e+8\\\",\\\"kzx\\\":\\\"-2.096858e+8\\\",\\\"kzz\\\":\\\"1.515515e+7\\\",\\\"cxx\\\":\\\"1.971461e+5\\\",\\\"cxz\\\":\\\"-1.424884e+4\\\",\\\"czx\\\":\\\"-1.424884e+4\\\",\\\"czz\\\":\\\"1.993598e+5\\\"}],\\\"group\\\":\\\"journalbearings\\\",\\\"info\\\":{\\\"text\\\":\\\"JournalBearing \\\",\\\"x\\\":10,\\\"y\\\":10,\\\"color\\\":\\\"orange\\\"},\\\"area\\\":{\\\"d\\\":\\\"M-20,-70 l20,24 l20,-24 Z\\\"},\\\"border\\\":{\\\"x\\\":-10,\\\"y\\\":-70,\\\"w\\\":20,\\\"h\\\":20}},{\\\"position\\\":\\\"1.150000e+0\\\",\\\"rotations\\\":[{\\\"speed\\\":\\\"5.000000e+2\\\",\\\"kxx\\\":\\\"3.774166e+7\\\",\\\"kxz\\\":\\\"-5.958954e+6\\\",\\\"kzx\\\":\\\"-9.168961e+7\\\",\\\"kzz\\\":\\\"1.238967e+8\\\",\\\"cxx\\\":\\\"5.500071e+5\\\",\\\"cxz\\\":\\\"-7.432039e+5\\\",\\\"czx\\\":\\\"-7.432039e+5\\\",\\\"czz\\\":\\\"2.724663e+6\\\"},{\\\"speed\\\":\\\"1.025000e+4\\\",\\\"kxx\\\":\\\"4.875627e+7\\\",\\\"kxz\\\":\\\"1.048800e+8\\\",\\\"kzx\\\":\\\"-1.258153e+8\\\",\\\"kzz\\\":\\\"2.807006e+7\\\",\\\"cxx\\\":\\\"2.040058e+5\\\",\\\"cxz\\\":\\\"-4.551479e+4\\\",\\\"czx\\\":\\\"-4.551479e+4\\\",\\\"czz\\\":\\\"2.258434e+5\\\"},{\\\"speed\\\":\\\"2.000000e+4\\\",\\\"kxx\\\":\\\"4.939143e+7\\\",\\\"kxz\\\":\\\"2.053832e+8\\\",\\\"kzx\\\":\\\"-2.166855e+8\\\",\\\"kzz\\\":\\\"2.575730e+7\\\",\\\"cxx\\\":\\\"1.985080e+5\\\",\\\"cxz\\\":\\\"-2.359655e+4\\\",\\\"czx\\\":\\\"-2.359655e+4\\\",\\\"czz\\\":\\\"2.045379e+5\\\"}],\\\"group\\\":\\\"journalbearings\\\",\\\"info\\\":{\\\"text\\\":\\\"JournalBearing \\\",\\\"x\\\":10,\\\"y\\\":10,\\\"color\\\":\\\"orange\\\"},\\\"area\\\":{\\\"d\\\":\\\"M1130,-70 l20,24 l20,-24 Z\\\"},\\\"border\\\":{\\\"x\\\":1140,\\\"y\\\":-70,\\\"w\\\":20,\\\"h\\\":20}}]\"', '\"[{\\\"position\\\":\\\"0.000000e+0\\\",\\\"mass\\\":\\\"1.000000e+1\\\",\\\"kxx\\\":\\\"1.000000e+9\\\",\\\"kzz\\\":\\\"1.000000e+9\\\",\\\"cxx\\\":\\\"0.000000e+0\\\",\\\"czz\\\":\\\"0.000000e+0\\\",\\\"group\\\":\\\"foundations\\\",\\\"info\\\":{\\\"text\\\":\\\"Foundation \\\",\\\"x\\\":10,\\\"y\\\":10,\\\"color\\\":\\\"maroon\\\"},\\\"area\\\":{\\\"d\\\":\\\"M-20,-99 l20,24 l20,-24 Z\\\"},\\\"border\\\":{\\\"x\\\":-10,\\\"y\\\":-99,\\\"w\\\":20,\\\"h\\\":20}},{\\\"position\\\":\\\"1.150000e+0\\\",\\\"mass\\\":\\\"1.000000e+1\\\",\\\"kxx\\\":\\\"1.000000e+9\\\",\\\"kzz\\\":\\\"1.000000e+9\\\",\\\"cxx\\\":\\\"0.000000e+0\\\",\\\"czz\\\":\\\"0.000000e+0\\\",\\\"group\\\":\\\"foundations\\\",\\\"info\\\":{\\\"text\\\":\\\"Foundation \\\",\\\"x\\\":10,\\\"y\\\":10,\\\"color\\\":\\\"maroon\\\"},\\\"area\\\":{\\\"d\\\":\\\"M1130,-99 l20,24 l20,-24 Z\\\"},\\\"border\\\":{\\\"x\\\":1140,\\\"y\\\":-99,\\\"w\\\":20,\\\"h\\\":20}}]\"', '\"[]\"', '\"[]\"', '1.860000e+0', 'null', NULL, NULL, NULL, NULL),
('GAt3hHc1F5Pp3SGIFx7ZN', 'En5v38q8nG0mYkYagVwoO', '\"[]\"', '\"[]\"', '\"[]\"', '\"[]\"', '\"[]\"', '\"[]\"', '\"[]\"', '1.000000e+0', 'null', NULL, NULL, NULL, NULL);
INSERT INTO `machine` (`machineId`, `projectId`, `sections`, `discs`, `rollerbearings`, `journalbearings`, `foundations`, `ves`, `abs`, `ldratio`, `rangeOptions`, `journalOpt`, `balanceOpt`, `vesOpt`, `absOpt`) VALUES
('rjjp4HFds1fLVcLbzOhz9', 'ZU9NdxS6LwVWDX7n8cwBy', '\"[{\\\"position\\\":\\\"5.000000e-2\\\",\\\"externalDiameter\\\":\\\"2.500000e-2\\\",\\\"internalDiameter\\\":\\\"0.000000e+0\\\",\\\"young\\\":\\\"2.100000e+11\\\",\\\"poisson\\\":\\\"3.000000e-1\\\",\\\"density\\\":\\\"7.850000e+3\\\",\\\"axialForce\\\":\\\"0.000000e+0\\\",\\\"magneticForce\\\":\\\"0.000000e+0\\\",\\\"insertAt\\\":0,\\\"group\\\":\\\"sections\\\",\\\"info\\\":{\\\"text\\\":\\\"Section \\\",\\\"x\\\":10,\\\"y\\\":10,\\\"color\\\":\\\"green\\\"},\\\"area\\\":{\\\"d\\\":\\\"M0,-12.5 v25 h50 v-25 Z\\\"},\\\"border\\\":{\\\"x\\\":0,\\\"y\\\":-12.5,\\\"w\\\":50,\\\"h\\\":25}},{\\\"position\\\":\\\"1.500000e-1\\\",\\\"externalDiameter\\\":\\\"3.500000e-2\\\",\\\"internalDiameter\\\":\\\"0.000000e+0\\\",\\\"young\\\":\\\"2.100000e+11\\\",\\\"poisson\\\":\\\"3.000000e-1\\\",\\\"density\\\":\\\"7.850000e+3\\\",\\\"axialForce\\\":\\\"0.000000e+0\\\",\\\"magneticForce\\\":\\\"0.000000e+0\\\",\\\"insertAt\\\":1,\\\"group\\\":\\\"sections\\\",\\\"info\\\":{\\\"text\\\":\\\"Section \\\",\\\"x\\\":10,\\\"y\\\":10,\\\"color\\\":\\\"green\\\"},\\\"area\\\":{\\\"d\\\":\\\"M50,-17.5 v35 h100 v-35 Z\\\"},\\\"border\\\":{\\\"x\\\":50,\\\"y\\\":-17.5,\\\"w\\\":100,\\\"h\\\":35}},{\\\"position\\\":\\\"3.000000e-1\\\",\\\"externalDiameter\\\":\\\"4.500000e-2\\\",\\\"internalDiameter\\\":\\\"0.000000e+0\\\",\\\"young\\\":\\\"2.100000e+11\\\",\\\"poisson\\\":\\\"3.000000e-1\\\",\\\"density\\\":\\\"7.850000e+3\\\",\\\"axialForce\\\":\\\"0.000000e+0\\\",\\\"magneticForce\\\":\\\"0.000000e+0\\\",\\\"insertAt\\\":2,\\\"group\\\":\\\"sections\\\",\\\"info\\\":{\\\"text\\\":\\\"Section \\\",\\\"x\\\":10,\\\"y\\\":10,\\\"color\\\":\\\"green\\\"},\\\"area\\\":{\\\"d\\\":\\\"M150,-22.5 v45 h150 v-45 Z\\\"},\\\"border\\\":{\\\"x\\\":150,\\\"y\\\":-22.5,\\\"w\\\":150,\\\"h\\\":45}},{\\\"position\\\":\\\"4.000000e-1\\\",\\\"externalDiameter\\\":\\\"3.500000e-2\\\",\\\"internalDiameter\\\":\\\"0.000000e+0\\\",\\\"young\\\":\\\"2.100000e+11\\\",\\\"poisson\\\":\\\"3.000000e-1\\\",\\\"density\\\":\\\"7.850000e+3\\\",\\\"axialForce\\\":\\\"0.000000e+0\\\",\\\"magneticForce\\\":\\\"0.000000e+0\\\",\\\"insertAt\\\":3,\\\"group\\\":\\\"sections\\\",\\\"info\\\":{\\\"text\\\":\\\"Section \\\",\\\"x\\\":10,\\\"y\\\":10,\\\"color\\\":\\\"green\\\"},\\\"area\\\":{\\\"d\\\":\\\"M300,-17.5 v35 h100 v-35 Z\\\"},\\\"border\\\":{\\\"x\\\":300,\\\"y\\\":-17.5,\\\"w\\\":100,\\\"h\\\":35}},{\\\"position\\\":\\\"4.500000e-1\\\",\\\"externalDiameter\\\":\\\"2.500000e-2\\\",\\\"internalDiameter\\\":\\\"0.000000e+0\\\",\\\"young\\\":\\\"2.100000e+11\\\",\\\"poisson\\\":\\\"3.000000e-1\\\",\\\"density\\\":\\\"7.850000e+3\\\",\\\"axialForce\\\":\\\"0.000000e+0\\\",\\\"magneticForce\\\":\\\"0.000000e+0\\\",\\\"insertAt\\\":4,\\\"group\\\":\\\"sections\\\",\\\"info\\\":{\\\"text\\\":\\\"Section \\\",\\\"x\\\":10,\\\"y\\\":10,\\\"color\\\":\\\"green\\\"},\\\"area\\\":{\\\"d\\\":\\\"M400,-12.5 v25 h50 v-25 Z\\\"},\\\"border\\\":{\\\"x\\\":400,\\\"y\\\":-12.5,\\\"w\\\":50,\\\"h\\\":25}}]\"', '\"[{\\\"position\\\":\\\"1.500000e-1\\\",\\\"externalDiameter\\\":\\\"2.000000e-1\\\",\\\"internalDiameter\\\":\\\"4.500000e-2\\\",\\\"thickness\\\":\\\"1.000000e-2\\\",\\\"density\\\":\\\"7.850000e+3\\\",\\\"ix\\\":\\\"0.000000e+0\\\",\\\"iy\\\":\\\"0.000000e+0\\\",\\\"iz\\\":\\\"0.000000e+0\\\",\\\"length\\\":\\\"0.000000e+0\\\",\\\"mass\\\":\\\"0.000000e+0\\\",\\\"group\\\":\\\"discs\\\",\\\"info\\\":{\\\"text\\\":\\\"Disc \\\",\\\"x\\\":10,\\\"y\\\":10,\\\"color\\\":\\\"blue\\\"},\\\"area\\\":{\\\"d\\\":\\\"M145,-100 v75.5 h10 v-75.5 Z M 145,24.5 v75.5 h10 v-75.5 Z\\\"},\\\"border\\\":{\\\"x\\\":145,\\\"y\\\":-100,\\\"w\\\":10,\\\"h\\\":200}},{\\\"position\\\":\\\"1.875000e-1\\\",\\\"externalDiameter\\\":\\\"2.300000e-1\\\",\\\"internalDiameter\\\":\\\"4.500000e-2\\\",\\\"thickness\\\":\\\"1.000000e-2\\\",\\\"density\\\":\\\"7.850000e+3\\\",\\\"ix\\\":\\\"0.000000e+0\\\",\\\"iy\\\":\\\"0.000000e+0\\\",\\\"iz\\\":\\\"0.000000e+0\\\",\\\"length\\\":\\\"0.000000e+0\\\",\\\"mass\\\":\\\"0.000000e+0\\\",\\\"group\\\":\\\"discs\\\",\\\"info\\\":{\\\"text\\\":\\\"Disc \\\",\\\"x\\\":10,\\\"y\\\":10,\\\"color\\\":\\\"blue\\\"},\\\"area\\\":{\\\"d\\\":\\\"M182.5,-115 v90.5 h10 v-90.5 Z M 182.5,24.5 v90.5 h10 v-90.5 Z\\\"},\\\"border\\\":{\\\"x\\\":182.5,\\\"y\\\":-115,\\\"w\\\":10,\\\"h\\\":230}},{\\\"position\\\":\\\"2.250000e-1\\\",\\\"externalDiameter\\\":\\\"2.600000e-1\\\",\\\"internalDiameter\\\":\\\"4.500000e-2\\\",\\\"thickness\\\":\\\"1.000000e-2\\\",\\\"density\\\":\\\"7.850000e+3\\\",\\\"ix\\\":\\\"0.000000e+0\\\",\\\"iy\\\":\\\"0.000000e+0\\\",\\\"iz\\\":\\\"0.000000e+0\\\",\\\"length\\\":\\\"0.000000e+0\\\",\\\"mass\\\":\\\"0.000000e+0\\\",\\\"group\\\":\\\"discs\\\",\\\"info\\\":{\\\"text\\\":\\\"Disc \\\",\\\"x\\\":10,\\\"y\\\":10,\\\"color\\\":\\\"blue\\\"},\\\"area\\\":{\\\"d\\\":\\\"M220,-130 v105.5 h10 v-105.5 Z M 220,24.5 v105.5 h10 v-105.5 Z\\\"},\\\"border\\\":{\\\"x\\\":220,\\\"y\\\":-130,\\\"w\\\":10,\\\"h\\\":260}},{\\\"position\\\":\\\"2.625000e-1\\\",\\\"externalDiameter\\\":\\\"2.900000e-1\\\",\\\"internalDiameter\\\":\\\"4.500000e-2\\\",\\\"thickness\\\":\\\"1.000000e-2\\\",\\\"density\\\":\\\"7.850000e+3\\\",\\\"ix\\\":\\\"0.000000e+0\\\",\\\"iy\\\":\\\"0.000000e+0\\\",\\\"iz\\\":\\\"0.000000e+0\\\",\\\"length\\\":\\\"0.000000e+0\\\",\\\"mass\\\":\\\"0.000000e+0\\\",\\\"group\\\":\\\"discs\\\",\\\"info\\\":{\\\"text\\\":\\\"Disc \\\",\\\"x\\\":10,\\\"y\\\":10,\\\"color\\\":\\\"blue\\\"},\\\"area\\\":{\\\"d\\\":\\\"M257.5,-145 v120.5 h10 v-120.5 Z M 257.5,24.5 v120.5 h10 v-120.5 Z\\\"},\\\"border\\\":{\\\"x\\\":257.5,\\\"y\\\":-145,\\\"w\\\":10,\\\"h\\\":290}},{\\\"position\\\":\\\"3.000000e-1\\\",\\\"externalDiameter\\\":\\\"3.200000e-1\\\",\\\"internalDiameter\\\":\\\"4.500000e-2\\\",\\\"thickness\\\":\\\"1.000000e-2\\\",\\\"density\\\":\\\"7.850000e+3\\\",\\\"ix\\\":\\\"0.000000e+0\\\",\\\"iy\\\":\\\"0.000000e+0\\\",\\\"iz\\\":\\\"0.000000e+0\\\",\\\"length\\\":\\\"0.000000e+0\\\",\\\"mass\\\":\\\"0.000000e+0\\\",\\\"group\\\":\\\"discs\\\",\\\"info\\\":{\\\"text\\\":\\\"Disc \\\",\\\"x\\\":10,\\\"y\\\":10,\\\"color\\\":\\\"blue\\\"},\\\"area\\\":{\\\"d\\\":\\\"M295,-160 v135.5 h10 v-135.5 Z M 295,24.5 v135.5 h10 v-135.5 Z\\\"},\\\"border\\\":{\\\"x\\\":295,\\\"y\\\":-160,\\\"w\\\":10,\\\"h\\\":320}}]\"', '\"[]\"', '\"[{\\\"position\\\":\\\"0.000000e+0\\\",\\\"rotations\\\":[],\\\"optimization\\\":[{\\\"initialSpin\\\":\\\"5.000000e+2\\\",\\\"finalSpin\\\":\\\"1.500000e+4\\\",\\\"steps\\\":\\\"1.600000e+1\\\",\\\"status\\\":\\\"PEN\\\",\\\"viscosity\\\":\\\"4.000000e-2\\\",\\\"diameter\\\":\\\"2.500000e-2\\\",\\\"length\\\":\\\"1.200000e-2\\\",\\\"radio\\\":\\\"9.000000e-5\\\",\\\"load\\\":\\\"0.000000e+0\\\"}],\\\"group\\\":\\\"journalbearings\\\",\\\"info\\\":{\\\"text\\\":\\\"JournalBearing \\\",\\\"x\\\":10,\\\"y\\\":10,\\\"color\\\":\\\"orange\\\"},\\\"area\\\":{\\\"d\\\":\\\"M-20,-38.5 l20,24 l20,-24 Z M-20,38.5 l20,-24 l20,24 Z\\\"},\\\"border\\\":{\\\"x\\\":-10,\\\"y\\\":-38.5,\\\"w\\\":20,\\\"h\\\":20}},{\\\"position\\\":\\\"4.500000e-1\\\",\\\"rotations\\\":[],\\\"optimization\\\":[{\\\"initialSpin\\\":\\\"5.000000e+2\\\",\\\"finalSpin\\\":\\\"1.500000e+4\\\",\\\"steps\\\":\\\"1.600000e+1\\\",\\\"status\\\":\\\"PEN\\\",\\\"viscosity\\\":\\\"4.000000e-2\\\",\\\"diameter\\\":\\\"2.500000e-2\\\",\\\"length\\\":\\\"1.200000e-2\\\",\\\"radio\\\":\\\"9.000000e-5\\\",\\\"load\\\":\\\"0.000000e+0\\\"}],\\\"group\\\":\\\"journalbearings\\\",\\\"info\\\":{\\\"text\\\":\\\"JournalBearing \\\",\\\"x\\\":10,\\\"y\\\":10,\\\"color\\\":\\\"orange\\\"},\\\"area\\\":{\\\"d\\\":\\\"M430,-38.5 l20,24 l20,-24 Z M430,38.5 l20,-24 l20,24 Z\\\"},\\\"border\\\":{\\\"x\\\":440,\\\"y\\\":-38.5,\\\"w\\\":20,\\\"h\\\":20}}]\"', '\"[{\\\"position\\\":\\\"0.000000e+0\\\",\\\"mass\\\":\\\"2.000000e+0\\\",\\\"kxx\\\":\\\"1.000000e+7\\\",\\\"kzz\\\":\\\"1.000000e+7\\\",\\\"cxx\\\":\\\"0.000000e+0\\\",\\\"czz\\\":\\\"0.000000e+0\\\",\\\"group\\\":\\\"foundations\\\",\\\"info\\\":{\\\"text\\\":\\\"Foundation \\\",\\\"x\\\":10,\\\"y\\\":10,\\\"color\\\":\\\"maroon\\\"},\\\"area\\\":{\\\"d\\\":\\\"M-20,-64.5 l20,24 l20,-24 Z M-20,64.5 l20,-24 l20,24 Z\\\"},\\\"border\\\":{\\\"x\\\":-10,\\\"y\\\":-64.5,\\\"w\\\":20,\\\"h\\\":20}},{\\\"position\\\":\\\"4.500000e-1\\\",\\\"mass\\\":\\\"2.000000e+0\\\",\\\"kxx\\\":\\\"1.000000e+7\\\",\\\"kzz\\\":\\\"1.000000e+7\\\",\\\"cxx\\\":\\\"0.000000e+0\\\",\\\"czz\\\":\\\"0.000000e+0\\\",\\\"group\\\":\\\"foundations\\\",\\\"info\\\":{\\\"text\\\":\\\"Foundation \\\",\\\"x\\\":10,\\\"y\\\":10,\\\"color\\\":\\\"maroon\\\"},\\\"area\\\":{\\\"d\\\":\\\"M430,-64.5 l20,24 l20,-24 Z M430,64.5 l20,-24 l20,24 Z\\\"},\\\"border\\\":{\\\"x\\\":440,\\\"y\\\":-64.5,\\\"w\\\":20,\\\"h\\\":20}}]\"', '\"[]\"', '\"[]\"', '2.710000e+0', '\"[{\\\"minSpeed\\\":\\\"5.000000e+2\\\",\\\"maxSpeed\\\":\\\"1.500000e+4\\\",\\\"maxAmplitude\\\":\\\"2.000000e-4\\\"}]\"', NULL, NULL, NULL, NULL),
('tnmexmI9ld5au9FauMO6M', 'NI51oGqQ8eMxRRTs6aF4C', '\"[{\\\"position\\\":\\\"1.700000e-1\\\",\\\"externalDiameter\\\":\\\"8.000000e-2\\\",\\\"internalDiameter\\\":\\\"0.000000e+0\\\",\\\"young\\\":\\\"2.100000e+11\\\",\\\"poisson\\\":\\\"3.000000e-1\\\",\\\"density\\\":\\\"7.850000e+3\\\",\\\"axialForce\\\":\\\"0.000000e+0\\\",\\\"magneticForce\\\":\\\"0.000000e+0\\\",\\\"insertAt\\\":0,\\\"group\\\":\\\"sections\\\",\\\"info\\\":{\\\"text\\\":\\\"Section \\\",\\\"x\\\":10,\\\"y\\\":10,\\\"color\\\":\\\"green\\\"},\\\"area\\\":{\\\"d\\\":\\\"M0,-40 v80 h170 v-80 Z\\\"},\\\"border\\\":{\\\"x\\\":0,\\\"y\\\":-40,\\\"w\\\":170,\\\"h\\\":80}},{\\\"position\\\":\\\"4.800000e-1\\\",\\\"externalDiameter\\\":\\\"1.000000e-1\\\",\\\"internalDiameter\\\":\\\"0.000000e+0\\\",\\\"young\\\":\\\"2.100000e+11\\\",\\\"poisson\\\":\\\"3.000000e-1\\\",\\\"density\\\":\\\"7.850000e+3\\\",\\\"axialForce\\\":\\\"0.000000e+0\\\",\\\"magneticForce\\\":\\\"0.000000e+0\\\",\\\"insertAt\\\":1,\\\"group\\\":\\\"sections\\\",\\\"info\\\":{\\\"text\\\":\\\"Section \\\",\\\"x\\\":10,\\\"y\\\":10,\\\"color\\\":\\\"green\\\"},\\\"area\\\":{\\\"d\\\":\\\"M170,-50 v100 h310 v-100 Z\\\"},\\\"border\\\":{\\\"x\\\":170,\\\"y\\\":-50,\\\"w\\\":310,\\\"h\\\":100}},{\\\"position\\\":\\\"5.950000e-1\\\",\\\"externalDiameter\\\":\\\"1.600000e-1\\\",\\\"internalDiameter\\\":\\\"0.000000e+0\\\",\\\"young\\\":\\\"2.100000e+11\\\",\\\"poisson\\\":\\\"3.000000e-1\\\",\\\"density\\\":\\\"7.850000e+3\\\",\\\"axialForce\\\":\\\"0.000000e+0\\\",\\\"magneticForce\\\":\\\"0.000000e+0\\\",\\\"insertAt\\\":2,\\\"group\\\":\\\"sections\\\",\\\"info\\\":{\\\"text\\\":\\\"Section \\\",\\\"x\\\":10,\\\"y\\\":10,\\\"color\\\":\\\"green\\\"},\\\"area\\\":{\\\"d\\\":\\\"M480,-80 v160 h115 v-160 Z\\\"},\\\"border\\\":{\\\"x\\\":480,\\\"y\\\":-80,\\\"w\\\":115,\\\"h\\\":160}},{\\\"position\\\":\\\"1.900000e+0\\\",\\\"externalDiameter\\\":\\\"1.900000e-1\\\",\\\"internalDiameter\\\":\\\"0.000000e+0\\\",\\\"young\\\":\\\"2.100000e+11\\\",\\\"poisson\\\":\\\"3.000000e-1\\\",\\\"density\\\":\\\"7.850000e+3\\\",\\\"axialForce\\\":\\\"0.000000e+0\\\",\\\"magneticForce\\\":\\\"2.500000e+3\\\",\\\"insertAt\\\":3,\\\"group\\\":\\\"sections\\\",\\\"info\\\":{\\\"text\\\":\\\"Section \\\",\\\"x\\\":10,\\\"y\\\":10,\\\"color\\\":\\\"green\\\"},\\\"area\\\":{\\\"d\\\":\\\"M595,-95 v190 h1305 v-190 Z\\\"},\\\"border\\\":{\\\"x\\\":595,\\\"y\\\":-95,\\\"w\\\":1305,\\\"h\\\":190}},{\\\"position\\\":\\\"2.114000e+0\\\",\\\"externalDiameter\\\":\\\"2.000000e-1\\\",\\\"internalDiameter\\\":\\\"0.000000e+0\\\",\\\"young\\\":\\\"2.100000e+11\\\",\\\"poisson\\\":\\\"3.000000e-1\\\",\\\"density\\\":\\\"7.850000e+3\\\",\\\"axialForce\\\":\\\"0.000000e+0\\\",\\\"magneticForce\\\":\\\"0.000000e+0\\\",\\\"insertAt\\\":4,\\\"group\\\":\\\"sections\\\",\\\"info\\\":{\\\"text\\\":\\\"Section \\\",\\\"x\\\":10,\\\"y\\\":10,\\\"color\\\":\\\"green\\\"},\\\"area\\\":{\\\"d\\\":\\\"M1900,-100 v200 h214 v-200 Z\\\"},\\\"border\\\":{\\\"x\\\":1900,\\\"y\\\":-100,\\\"w\\\":214,\\\"h\\\":200}},{\\\"position\\\":\\\"2.253000e+0\\\",\\\"externalDiameter\\\":\\\"1.600000e-1\\\",\\\"internalDiameter\\\":\\\"0.000000e+0\\\",\\\"young\\\":\\\"2.100000e+11\\\",\\\"poisson\\\":\\\"3.000000e-1\\\",\\\"density\\\":\\\"7.850000e+3\\\",\\\"axialForce\\\":\\\"0.000000e+0\\\",\\\"magneticForce\\\":\\\"0.000000e+0\\\",\\\"insertAt\\\":5,\\\"group\\\":\\\"sections\\\",\\\"info\\\":{\\\"text\\\":\\\"Section \\\",\\\"x\\\":10,\\\"y\\\":10,\\\"color\\\":\\\"green\\\"},\\\"area\\\":{\\\"d\\\":\\\"M2114,-80 v160 h139 v-160 Z\\\"},\\\"border\\\":{\\\"x\\\":2114,\\\"y\\\":-80,\\\"w\\\":139,\\\"h\\\":160}},{\\\"position\\\":\\\"2.618000e+0\\\",\\\"externalDiameter\\\":\\\"1.000000e-1\\\",\\\"internalDiameter\\\":\\\"0.000000e+0\\\",\\\"young\\\":\\\"2.100000e+11\\\",\\\"poisson\\\":\\\"3.000000e-1\\\",\\\"density\\\":\\\"7.850000e+3\\\",\\\"axialForce\\\":\\\"0.000000e+0\\\",\\\"magneticForce\\\":\\\"0.000000e+0\\\",\\\"insertAt\\\":6,\\\"group\\\":\\\"sections\\\",\\\"info\\\":{\\\"text\\\":\\\"Section \\\",\\\"x\\\":10,\\\"y\\\":10,\\\"color\\\":\\\"green\\\"},\\\"area\\\":{\\\"d\\\":\\\"M2253,-50 v100 h365 v-100 Z\\\"},\\\"border\\\":{\\\"x\\\":2253,\\\"y\\\":-50,\\\"w\\\":365,\\\"h\\\":100}},{\\\"position\\\":\\\"2.678000e+0\\\",\\\"externalDiameter\\\":\\\"8.500000e-2\\\",\\\"internalDiameter\\\":\\\"0.000000e+0\\\",\\\"young\\\":\\\"2.100000e+11\\\",\\\"poisson\\\":\\\"3.000000e-1\\\",\\\"density\\\":\\\"7.850000e+3\\\",\\\"axialForce\\\":\\\"0.000000e+0\\\",\\\"magneticForce\\\":\\\"0.000000e+0\\\",\\\"insertAt\\\":7,\\\"group\\\":\\\"sections\\\",\\\"info\\\":{\\\"text\\\":\\\"Section \\\",\\\"x\\\":10,\\\"y\\\":10,\\\"color\\\":\\\"green\\\"},\\\"area\\\":{\\\"d\\\":\\\"M2618,-42.5 v85 h60 v-85 Z\\\"},\\\"border\\\":{\\\"x\\\":2618,\\\"y\\\":-42.5,\\\"w\\\":60,\\\"h\\\":85}}]\"', '\"[{\\\"position\\\":\\\"9.825000e-1\\\",\\\"externalDiameter\\\":\\\"4.826000e-1\\\",\\\"internalDiameter\\\":\\\"1.900000e-1\\\",\\\"thickness\\\":\\\"2.450000e-1\\\",\\\"density\\\":\\\"7.850000e+3\\\",\\\"ix\\\":\\\"0.000000e+0\\\",\\\"iy\\\":\\\"0.000000e+0\\\",\\\"iz\\\":\\\"0.000000e+0\\\",\\\"length\\\":\\\"0.000000e+0\\\",\\\"mass\\\":\\\"0.000000e+0\\\",\\\"group\\\":\\\"discs\\\",\\\"info\\\":{\\\"text\\\":\\\"Disc \\\",\\\"x\\\":10,\\\"y\\\":10,\\\"color\\\":\\\"blue\\\"},\\\"area\\\":{\\\"d\\\":\\\"M860,-241.3 v144.3 h245 v-144.3 Z M 860,97 v144.3 h245 v-144.3 Z\\\"},\\\"border\\\":{\\\"x\\\":860,\\\"y\\\":-241.3,\\\"w\\\":245,\\\"h\\\":482.6}},{\\\"position\\\":\\\"1.227500e+0\\\",\\\"externalDiameter\\\":\\\"4.826000e-1\\\",\\\"internalDiameter\\\":\\\"1.900000e-1\\\",\\\"thickness\\\":\\\"2.450000e-1\\\",\\\"density\\\":\\\"7.850000e+3\\\",\\\"ix\\\":\\\"0.000000e+0\\\",\\\"iy\\\":\\\"0.000000e+0\\\",\\\"iz\\\":\\\"0.000000e+0\\\",\\\"length\\\":\\\"0.000000e+0\\\",\\\"mass\\\":\\\"0.000000e+0\\\",\\\"group\\\":\\\"discs\\\",\\\"info\\\":{\\\"text\\\":\\\"Disc \\\",\\\"x\\\":10,\\\"y\\\":10,\\\"color\\\":\\\"blue\\\"},\\\"area\\\":{\\\"d\\\":\\\"M1105,-241.3 v144.3 h245 v-144.3 Z M 1105,97 v144.3 h245 v-144.3 Z\\\"},\\\"border\\\":{\\\"x\\\":1105,\\\"y\\\":-241.3,\\\"w\\\":245,\\\"h\\\":482.6}},{\\\"position\\\":\\\"1.472500e+0\\\",\\\"externalDiameter\\\":\\\"4.826000e-1\\\",\\\"internalDiameter\\\":\\\"1.900000e-1\\\",\\\"thickness\\\":\\\"2.450000e-1\\\",\\\"density\\\":\\\"7.850000e+3\\\",\\\"ix\\\":\\\"0.000000e+0\\\",\\\"iy\\\":\\\"0.000000e+0\\\",\\\"iz\\\":\\\"0.000000e+0\\\",\\\"length\\\":\\\"0.000000e+0\\\",\\\"mass\\\":\\\"0.000000e+0\\\",\\\"group\\\":\\\"discs\\\",\\\"info\\\":{\\\"text\\\":\\\"Disc \\\",\\\"x\\\":10,\\\"y\\\":10,\\\"color\\\":\\\"blue\\\"},\\\"area\\\":{\\\"d\\\":\\\"M1350,-241.3 v144.3 h245 v-144.3 Z M 1350,97 v144.3 h245 v-144.3 Z\\\"},\\\"border\\\":{\\\"x\\\":1350,\\\"y\\\":-241.3,\\\"w\\\":245,\\\"h\\\":482.6}},{\\\"position\\\":\\\"1.717500e+0\\\",\\\"externalDiameter\\\":\\\"4.826000e-1\\\",\\\"internalDiameter\\\":\\\"1.900000e-1\\\",\\\"thickness\\\":\\\"2.450000e-1\\\",\\\"density\\\":\\\"7.850000e+3\\\",\\\"ix\\\":\\\"0.000000e+0\\\",\\\"iy\\\":\\\"0.000000e+0\\\",\\\"iz\\\":\\\"0.000000e+0\\\",\\\"length\\\":\\\"0.000000e+0\\\",\\\"mass\\\":\\\"0.000000e+0\\\",\\\"group\\\":\\\"discs\\\",\\\"info\\\":{\\\"text\\\":\\\"Disc \\\",\\\"x\\\":10,\\\"y\\\":10,\\\"color\\\":\\\"blue\\\"},\\\"area\\\":{\\\"d\\\":\\\"M1595,-241.3 v144.3 h245 v-144.3 Z M 1595,97 v144.3 h245 v-144.3 Z\\\"},\\\"border\\\":{\\\"x\\\":1595,\\\"y\\\":-241.3,\\\"w\\\":245,\\\"h\\\":482.6}}]\"', '\"[{\\\"position\\\":\\\"3.600000e-1\\\",\\\"mass\\\":\\\"2.000000e+0\\\",\\\"inertia\\\":\\\"0.000000e+0\\\",\\\"kxx\\\":\\\"2.000000e+9\\\",\\\"kxz\\\":\\\"0.000000e+0\\\",\\\"kzx\\\":\\\"0.000000e+0\\\",\\\"kzz\\\":\\\"5.000000e+9\\\",\\\"cxx\\\":\\\"1.500000e+3\\\",\\\"cxz\\\":\\\"0.000000e+0\\\",\\\"czx\\\":\\\"0.000000e+0\\\",\\\"czz\\\":\\\"1.500000e+3\\\",\\\"ktt\\\":\\\"2.500000e+4\\\",\\\"ktp\\\":\\\"0.000000e+0\\\",\\\"kpt\\\":\\\"0.000000e+0\\\",\\\"kpp\\\":\\\"5.500000e+4\\\",\\\"ctt\\\":\\\"0.000000e+0\\\",\\\"ctp\\\":\\\"0.000000e+0\\\",\\\"cpt\\\":\\\"0.000000e+0\\\",\\\"cpp\\\":\\\"0.000000e+0\\\",\\\"group\\\":\\\"rollerbearings\\\",\\\"info\\\":{\\\"text\\\":\\\"RollerBearing \\\",\\\"x\\\":10,\\\"y\\\":10,\\\"color\\\":\\\"red\\\"},\\\"area\\\":{\\\"d\\\":\\\"M340,-76 l20,24 l20,-24 Z M340,76 l20,-24 l20,24 Z\\\"},\\\"border\\\":{\\\"x\\\":350,\\\"y\\\":-76,\\\"w\\\":20,\\\"h\\\":20}},{\\\"position\\\":\\\"2.380000e+0\\\",\\\"mass\\\":\\\"2.000000e+0\\\",\\\"inertia\\\":\\\"0.000000e+0\\\",\\\"kxx\\\":\\\"2.000000e+9\\\",\\\"kxz\\\":\\\"0.000000e+0\\\",\\\"kzx\\\":\\\"0.000000e+0\\\",\\\"kzz\\\":\\\"5.000000e+9\\\",\\\"cxx\\\":\\\"1.500000e+3\\\",\\\"cxz\\\":\\\"0.000000e+0\\\",\\\"czx\\\":\\\"0.000000e+0\\\",\\\"czz\\\":\\\"1.500000e+3\\\",\\\"ktt\\\":\\\"2.500000e+4\\\",\\\"ktp\\\":\\\"0.000000e+0\\\",\\\"kpt\\\":\\\"0.000000e+0\\\",\\\"kpp\\\":\\\"5.500000e+4\\\",\\\"ctt\\\":\\\"0.000000e+0\\\",\\\"ctp\\\":\\\"0.000000e+0\\\",\\\"cpt\\\":\\\"0.000000e+0\\\",\\\"cpp\\\":\\\"0.000000e+0\\\",\\\"group\\\":\\\"rollerbearings\\\",\\\"info\\\":{\\\"text\\\":\\\"RollerBearing \\\",\\\"x\\\":10,\\\"y\\\":10,\\\"color\\\":\\\"red\\\"},\\\"area\\\":{\\\"d\\\":\\\"M2360,-76 l20,24 l20,-24 Z M2360,76 l20,-24 l20,24 Z\\\"},\\\"border\\\":{\\\"x\\\":2370,\\\"y\\\":-76,\\\"w\\\":20,\\\"h\\\":20}}]\"', '\"[]\"', '\"[{\\\"position\\\":\\\"3.600000e-1\\\",\\\"mass\\\":\\\"1.000000e+1\\\",\\\"kxx\\\":\\\"5.000000e+9\\\",\\\"kzz\\\":\\\"5.000000e+9\\\",\\\"cxx\\\":\\\"0.000000e+0\\\",\\\"czz\\\":\\\"0.000000e+0\\\",\\\"group\\\":\\\"foundations\\\",\\\"info\\\":{\\\"text\\\":\\\"Foundation \\\",\\\"x\\\":10,\\\"y\\\":10,\\\"color\\\":\\\"maroon\\\"},\\\"area\\\":{\\\"d\\\":\\\"M340,-102 l20,24 l20,-24 Z M340,102 l20,-24 l20,24 Z\\\"},\\\"border\\\":{\\\"x\\\":350,\\\"y\\\":-102,\\\"w\\\":20,\\\"h\\\":20}},{\\\"position\\\":\\\"2.380000e+0\\\",\\\"mass\\\":\\\"1.000000e+1\\\",\\\"kxx\\\":\\\"5.000000e+9\\\",\\\"kzz\\\":\\\"5.000000e+9\\\",\\\"cxx\\\":\\\"0.000000e+0\\\",\\\"czz\\\":\\\"0.000000e+0\\\",\\\"group\\\":\\\"foundations\\\",\\\"info\\\":{\\\"text\\\":\\\"Foundation \\\",\\\"x\\\":10,\\\"y\\\":10,\\\"color\\\":\\\"maroon\\\"},\\\"area\\\":{\\\"d\\\":\\\"M2360,-102 l20,24 l20,-24 Z M2360,102 l20,-24 l20,24 Z\\\"},\\\"border\\\":{\\\"x\\\":2370,\\\"y\\\":-102,\\\"w\\\":20,\\\"h\\\":20}}]\"', '\"[]\"', '\"[]\"', '1.040000e+0', 'null', NULL, NULL, NULL, NULL);

-- --------------------------------------------------------

--
-- Table structure for table `migration`
--

DROP TABLE IF EXISTS `migration`;
CREATE TABLE IF NOT EXISTS `migration` (
  `version` varchar(180) NOT NULL,
  `apply_time` int(11) DEFAULT NULL,
  PRIMARY KEY (`version`)
) ENGINE=InnoDB DEFAULT CHARSET=utf8;

--
-- Dumping data for table `migration`
--

INSERT INTO `migration` (`version`, `apply_time`) VALUES
('m000000_000000_base', 1502387123),
('m140506_102106_rbac_init', 1502387129),
('m170125_081951_create_setting_table', 1502387435),
('m170125_082006_create_user_table', 1502387436),
('m170506_004517_init_rbac', 1502387437),
('m180731_183112_create_project_table', 1533064477),
('m180731_185538_create_machine_table', 1533064477),
('m180731_213512_create_projectsetting_table', 1533073144),
('m180732_010418_create_date_table', 1540924082),
('m180732_011236_create_plangroup_table', 1540924179),
('m180732_011236_create_plantype_table', 1540925414),
('m180732_013055_create_payment_table', 1540924227),
('m181027_180131_create_token_table', 1540924245),
('m181027_235454_create_plan_table', 1540924245),
('m181028_000010_create_order_table', 1540924245),
('m181028_011226_create_ledgeraction_table', 1540924278),
('m181028_011832_create_ledger_table', 1540924279),
('m181030_200758_create_run_table', 1542623502),
('m181030_201317_create_runlog_table', 1542623502),
('m181130_095946_create_table_usersettings', 1543572513),
('m181213_125845_add_opt_columns_to_machine_table', 1544706101);

-- --------------------------------------------------------

--
-- Table structure for table `pay_group`
--

DROP TABLE IF EXISTS `pay_group`;
CREATE TABLE IF NOT EXISTS `pay_group` (
  `id` int(11) NOT NULL AUTO_INCREMENT,
  `name` varchar(25) COLLATE utf8_unicode_ci DEFAULT NULL,
  `description` varchar(80) COLLATE utf8_unicode_ci DEFAULT NULL,
  PRIMARY KEY (`id`)
) ENGINE=MyISAM AUTO_INCREMENT=5 DEFAULT CHARSET=utf8 COLLATE=utf8_unicode_ci;

--
-- Dumping data for table `pay_group`
--

INSERT INTO `pay_group` (`id`, `name`, `description`) VALUES
(1, 'Monthly', 'Monthly paid plan'),
(2, 'Daily', 'Daily paid plan'),
(3, 'Yearly', 'Yearly paid plan'),
(4, 'Per Use', 'Per use paid plan');

-- --------------------------------------------------------

--
-- Table structure for table `pay_info`
--

DROP TABLE IF EXISTS `pay_info`;
CREATE TABLE IF NOT EXISTS `pay_info` (
  `paymentId` int(11) NOT NULL AUTO_INCREMENT,
  `invoice` varchar(300) COLLATE utf8_unicode_ci DEFAULT NULL,
  `trasaction_id` varchar(600) COLLATE utf8_unicode_ci DEFAULT NULL,
  `log_id` int(11) DEFAULT NULL,
  `product_id` int(11) DEFAULT NULL,
  `product_name` varchar(300) COLLATE utf8_unicode_ci DEFAULT NULL,
  `product_quantity` int(5) DEFAULT NULL,
  `product_amount` int(5) DEFAULT NULL,
  `payer_fname` varchar(300) COLLATE utf8_unicode_ci DEFAULT NULL,
  `payer_lname` varchar(300) COLLATE utf8_unicode_ci DEFAULT NULL,
  `payer_address` varchar(300) COLLATE utf8_unicode_ci DEFAULT NULL,
  `payer_city` varchar(300) COLLATE utf8_unicode_ci DEFAULT NULL,
  `payer_state` varchar(300) COLLATE utf8_unicode_ci DEFAULT NULL,
  `payer_zip` varchar(15) COLLATE utf8_unicode_ci DEFAULT NULL,
  `payer_country` varchar(300) COLLATE utf8_unicode_ci DEFAULT NULL,
  `payer_email` varchar(100) COLLATE utf8_unicode_ci DEFAULT NULL,
  `payment_status` varchar(3) COLLATE utf8_unicode_ci DEFAULT NULL,
  `created_at` timestamp NULL DEFAULT NULL,
  PRIMARY KEY (`paymentId`)
) ENGINE=MyISAM DEFAULT CHARSET=utf8 COLLATE=utf8_unicode_ci;

-- --------------------------------------------------------

--
-- Table structure for table `pay_ledger`
--

DROP TABLE IF EXISTS `pay_ledger`;
CREATE TABLE IF NOT EXISTS `pay_ledger` (
  `ledgerId` int(11) NOT NULL AUTO_INCREMENT,
  `actionId` int(11) DEFAULT NULL,
  `sellerId` int(11) DEFAULT NULL,
  `buyerId` int(11) DEFAULT NULL,
  `orderId` int(11) DEFAULT NULL,
  `tokenId` varchar(3) COLLATE utf8_unicode_ci DEFAULT NULL,
  `date` int(11) DEFAULT NULL,
  `amount` decimal(19,4) DEFAULT NULL,
  PRIMARY KEY (`ledgerId`),
  KEY `idx-ledger-action` (`actionId`),
  KEY `idx-ledger-seller` (`sellerId`),
  KEY `idx-ledger-buyer` (`buyerId`),
  KEY `idx-ledger-order` (`orderId`),
  KEY `idx-ledger-token` (`tokenId`)
) ENGINE=MyISAM AUTO_INCREMENT=2 DEFAULT CHARSET=utf8 COLLATE=utf8_unicode_ci;

--
-- Dumping data for table `pay_ledger`
--

INSERT INTO `pay_ledger` (`ledgerId`, `actionId`, `sellerId`, `buyerId`, `orderId`, `tokenId`, `date`, `amount`) VALUES
(1, 1, 4, 1, 1, 'DYN', 1540047924, '5.0000');

-- --------------------------------------------------------

--
-- Table structure for table `pay_ledgeraction`
--

DROP TABLE IF EXISTS `pay_ledgeraction`;
CREATE TABLE IF NOT EXISTS `pay_ledgeraction` (
  `actionId` int(11) NOT NULL AUTO_INCREMENT,
  `name` varchar(25) COLLATE utf8_unicode_ci DEFAULT NULL,
  `description` varchar(80) COLLATE utf8_unicode_ci DEFAULT NULL,
  PRIMARY KEY (`actionId`)
) ENGINE=MyISAM AUTO_INCREMENT=5 DEFAULT CHARSET=utf8 COLLATE=utf8_unicode_ci;

--
-- Dumping data for table `pay_ledgeraction`
--

INSERT INTO `pay_ledgeraction` (`actionId`, `name`, `description`) VALUES
(1, 'credit', 'Credit tokens after payment accepted'),
(2, 'promo', 'Credit tokens earned in promos'),
(3, 'use', 'Debit tokens when used in calculations'),
(4, 'refund', 'User returned tokens');

-- --------------------------------------------------------

--
-- Table structure for table `pay_order`
--

DROP TABLE IF EXISTS `pay_order`;
CREATE TABLE IF NOT EXISTS `pay_order` (
  `orderId` int(11) NOT NULL AUTO_INCREMENT,
  `date` int(11) DEFAULT NULL,
  `userId` int(11) DEFAULT NULL,
  `planId` int(11) DEFAULT NULL,
  `paymentId` int(11) DEFAULT NULL,
  `costpertx` decimal(19,4) DEFAULT NULL,
  `price` decimal(19,4) DEFAULT NULL,
  `quantity` int(11) DEFAULT NULL,
  `total` decimal(19,4) DEFAULT NULL,
  PRIMARY KEY (`orderId`),
  KEY `idx-order-user` (`userId`),
  KEY `idx-order-plan` (`planId`),
  KEY `idx-order-payment` (`paymentId`)
) ENGINE=MyISAM AUTO_INCREMENT=2 DEFAULT CHARSET=utf8 COLLATE=utf8_unicode_ci;

--
-- Dumping data for table `pay_order`
--

INSERT INTO `pay_order` (`orderId`, `date`, `userId`, `planId`, `paymentId`, `costpertx`, `price`, `quantity`, `total`) VALUES
(1, 1542374783, 1, 1, NULL, '1.0000', '0.0000', 1, '0.0000');

-- --------------------------------------------------------

--
-- Table structure for table `pay_plan`
--

DROP TABLE IF EXISTS `pay_plan`;
CREATE TABLE IF NOT EXISTS `pay_plan` (
  `planId` int(11) NOT NULL AUTO_INCREMENT,
  `groupId` int(11) DEFAULT NULL,
  `typeId` int(11) DEFAULT NULL,
  `description` varchar(100) COLLATE utf8_unicode_ci DEFAULT NULL,
  `tokens` int(11) NOT NULL,
  `costpertx` decimal(19,4) DEFAULT NULL,
  `status` varchar(3) COLLATE utf8_unicode_ci DEFAULT NULL,
  PRIMARY KEY (`planId`)
) ENGINE=MyISAM AUTO_INCREMENT=2 DEFAULT CHARSET=utf8 COLLATE=utf8_unicode_ci;

--
-- Dumping data for table `pay_plan`
--

INSERT INTO `pay_plan` (`planId`, `groupId`, `typeId`, `description`, `tokens`, `costpertx`, `status`) VALUES
(1, 4, 1, 'Welcome plan with 5 free tokens', 5, '0.0000', 'ACT');

-- --------------------------------------------------------

--
-- Table structure for table `pay_type`
--

DROP TABLE IF EXISTS `pay_type`;
CREATE TABLE IF NOT EXISTS `pay_type` (
  `id` int(11) NOT NULL AUTO_INCREMENT,
  `name` varchar(25) COLLATE utf8_unicode_ci DEFAULT NULL,
  `description` varchar(80) COLLATE utf8_unicode_ci DEFAULT NULL,
  PRIMARY KEY (`id`)
) ENGINE=MyISAM AUTO_INCREMENT=4 DEFAULT CHARSET=utf8 COLLATE=utf8_unicode_ci;

--
-- Dumping data for table `pay_type`
--

INSERT INTO `pay_type` (`id`, `name`, `description`) VALUES
(1, 'Unlimited', 'Unlimited use during the period'),
(2, 'One Project', 'Unlimited use in one project'),
(3, 'Two Repetitions', 'Limited to 3 runs in a project');

-- --------------------------------------------------------

--
-- Table structure for table `project`
--

DROP TABLE IF EXISTS `project`;
CREATE TABLE IF NOT EXISTS `project` (
  `projectId` varchar(21) COLLATE utf8_unicode_ci NOT NULL,
  `userId` int(11) DEFAULT NULL,
  `name` varchar(64) COLLATE utf8_unicode_ci DEFAULT NULL,
  `status` varchar(3) COLLATE utf8_unicode_ci DEFAULT NULL,
  PRIMARY KEY (`projectId`),
  KEY `idx-project-user` (`userId`)
) ENGINE=MyISAM DEFAULT CHARSET=utf8 COLLATE=utf8_unicode_ci;

--
-- Dumping data for table `project`
--

INSERT INTO `project` (`projectId`, `userId`, `name`, `status`) VALUES
('En5v38q8nG0mYkYagVwoO', 1, 'test_ves', 'ACT'),
('gB86T5YooN9FXajMf5yRL', 1, 'teste_journal', 'ACT'),
('vCFfQKycAAL81SRSwq0OD', 1, 'Teste_roller', 'ACT'),
('14fm2kopUtnIpurxVRxXg', 1, 'final_roll4', 'ACT'),
('XSuHZcygKK8Pd025uNA7T', 1, 'roller', 'ACT'),
('4y41cdvcynfS7MB46A5RV', 1, 'final_roll2', 'ACT'),
('xjpbrgfwZjpd2TrUdjyb6', 1, 'test2', 'ACT'),
('6CVWj1xdcQKplYTdHWPej', 1, 'test1', 'ACT'),
('ZU9NdxS6LwVWDX7n8cwBy', 1, 'example #2', 'ACT'),
('NI51oGqQ8eMxRRTs6aF4C', 1, 'example #1', 'ACT');

-- --------------------------------------------------------

--
-- Table structure for table `projectsetting`
--

DROP TABLE IF EXISTS `projectsetting`;
CREATE TABLE IF NOT EXISTS `projectsetting` (
  `id` int(11) NOT NULL AUTO_INCREMENT,
  `projectId` varchar(21) COLLATE utf8_unicode_ci NOT NULL,
  `systemoptions` json NOT NULL,
  `resultoptions` json NOT NULL,
  `resultcampbell` json NOT NULL,
  `resultstiffness` json NOT NULL,
  `resultmodes` json NOT NULL,
  `resultconstant` json NOT NULL,
  `resultunbalance` json NOT NULL,
  `resulttorsional` json NOT NULL,
  `resulttime` json NOT NULL,
  PRIMARY KEY (`id`),
  KEY `idx-setting-project` (`projectId`)
) ENGINE=MyISAM AUTO_INCREMENT=28 DEFAULT CHARSET=utf8 COLLATE=utf8_unicode_ci;

--
-- Dumping data for table `projectsetting`
--

INSERT INTO `projectsetting` (`id`, `projectId`, `systemoptions`, `resultoptions`, `resultcampbell`, `resultstiffness`, `resultmodes`, `resultconstant`, `resultunbalance`, `resulttorsional`, `resulttime`) VALUES
(7, '14fm2kopUtnIpurxVRxXg', '\"{\\\"abs\\\": false, \\\"ves\\\": false, \\\"foundation\\\": true, \\\"rollerbearing\\\": true, \\\"journalbearing\\\": false}\"', '\"{\\\"modes\\\": true, \\\"fatigue\\\": false, \\\"campbell\\\": true, \\\"torsional\\\": true, \\\"staticLine\\\": true, \\\"criticalMap\\\": true, \\\"timeResponse\\\": true, \\\"absOptimization\\\": false, \\\"vesOptimization\\\": false, \\\"constantResponse\\\": true, \\\"unbalanceResponse\\\": true, \\\"balanceOptimization\\\": false}\"', '\"[{\\\"frequencies\\\": \\\"6.000000e+0\\\", \\\"steps\\\": \\\"3.000000e+2\\\", \\\"finalSpin\\\": \\\"2.500000e+4\\\", \\\"initialSpin\\\": \\\"0.000000e+0\\\"}]\"', '\"[{\\\"finalSpin\\\": \\\"8.000000e+3\\\", \\\"decades\\\": \\\"4.000000e+0\\\", \\\"initialSpin\\\": \\\"1.000000e+3\\\", \\\"initialStiffness\\\": \\\"1.000000e+5\\\", \\\"frequencies\\\": \\\"6.000000e+0\\\"}]\"', '\"[{\\\"modes\\\": \\\"6.000000e+0\\\", \\\"maxFrequency\\\": \\\"1.000000e+5\\\"}]\"', '\"[{\\\"modes\\\": \\\"2.000000e+1\\\", \\\"speed\\\": \\\"6.000000e+3\\\", \\\"steps\\\": \\\"7.000000e+2\\\", \\\"forces\\\": [{\\\"coord\\\": \\\"1.000000e+0\\\", \\\"force\\\": \\\"1.000000e+0\\\", \\\"position\\\": \\\"4.000000e-1\\\"}], \\\"responses\\\": [{\\\"coord\\\": \\\"1.000000e+0\\\", \\\"position\\\": \\\"3.000000e-1\\\"}, {\\\"coord\\\": \\\"1.000000e+0\\\", \\\"position\\\": \\\"4.000000e-1\\\"}], \\\"finalFrequency\\\": \\\"8.000000e+2\\\", \\\"initialFrequency\\\": \\\"1.000000e+0\\\"}]\"', '\"[{\\\"modes\\\": \\\"2.000000e+1\\\", \\\"steps\\\": \\\"7.000000e+2\\\", \\\"phases\\\": [{\\\"phase\\\": \\\"0.000000e+0\\\", \\\"position\\\": \\\"3.000000e-1\\\", \\\"unbalance\\\": \\\"4.000000e-5\\\"}], \\\"finalSpin\\\": \\\"2.000000e+4\\\", \\\"responses\\\": [{\\\"coord\\\": \\\"1.000000e+0\\\", \\\"position\\\": \\\"5.000000e-2\\\"}, {\\\"coord\\\": \\\"1.000000e+0\\\", \\\"position\\\": \\\"1.500000e-1\\\"}], \\\"initialSpin\\\": \\\"1.000000e+0\\\"}]\"', '\"[{\\\"modes\\\": \\\"2.000000e+1\\\", \\\"steps\\\": \\\"1.200000e+3\\\", \\\"phases\\\": [{\\\"tork\\\": \\\"1.000000e+0\\\", \\\"phase\\\": \\\"0.000000e+0\\\", \\\"position\\\": \\\"0.000000e+0\\\"}], \\\"responses\\\": [{\\\"coord\\\": \\\"0.000000e+0\\\", \\\"position\\\": \\\"1.500000e-1\\\"}, {\\\"coord\\\": \\\"0.000000e+0\\\", \\\"position\\\": \\\"3.000000e-1\\\"}, {\\\"coord\\\": \\\"0.000000e+0\\\", \\\"position\\\": \\\"4.000000e-1\\\"}], \\\"finalFrequency\\\": \\\"9.000000e+2\\\", \\\"initialFrequency\\\": \\\"1.000000e+0\\\"}]\"', '\"[{\\\"modes\\\": \\\"2.000000e+1\\\", \\\"steps\\\": \\\"2.000000e+2\\\", \\\"phases\\\": [{\\\"phase\\\": \\\"0.000000e+0\\\", \\\"position\\\": \\\"3.000000e-1\\\", \\\"unbalance\\\": \\\"4.000000e-5\\\"}], \\\"finalSpin\\\": \\\"7.000000e+3\\\", \\\"initialSpin\\\": \\\"1.000000e+0\\\"}]\"'),
(10, '6CVWj1xdcQKplYTdHWPej', '\"{\\\"rollerbearing\\\":true,\\\"journalbearing\\\":false,\\\"foundation\\\":true,\\\"ves\\\":false,\\\"abs\\\":false}\"', '\"{\\\"staticLine\\\":true,\\\"fatigue\\\":false,\\\"campbell\\\":true,\\\"modes\\\":true,\\\"criticalMap\\\":false,\\\"unbalancedResponse\\\":false,\\\"constantResponse\\\":false,\\\"timeResponse\\\":false,\\\"torsional\\\":false,\\\"balanceOptimization\\\":false,\\\"vesOptimization\\\":false,\\\"absOptimization\\\":false}\"', '\"[]\"', '\"[]\"', '\"[]\"', '\"[]\"', '\"[]\"', '\"[]\"', '\"[]\"'),
(13, 'xjpbrgfwZjpd2TrUdjyb6', '\"{\\\"foundation\\\":true,\\\"rollerbearing\\\":true,\\\"journalbearing\\\":false,\\\"ves\\\":false,\\\"abs\\\":false}\"', '\"{\\\"staticLine\\\":true,\\\"fatigue\\\":false,\\\"campbell\\\":true,\\\"modes\\\":true,\\\"criticalMap\\\":false,\\\"unbalanceResponse\\\":false,\\\"constantResponse\\\":false,\\\"timeResponse\\\":false,\\\"torsional\\\":false,\\\"balanceOptimization\\\":false,\\\"vesOptimization\\\":false,\\\"absOptimization\\\":false}\"', '\"[{\\\"initialSpin\\\":\\\"1.000000e+3\\\",\\\"finalSpin\\\":\\\"1.000000e+4\\\",\\\"steps\\\":\\\"1.000000e+0\\\",\\\"frequencies\\\":\\\"2.000000e+0\\\"}]\"', '\"[]\"', '\"[{\\\"maxFrequency\\\":\\\"1.000000e+4\\\",\\\"modes\\\":\\\"2.000000e+0\\\"}]\"', '\"[]\"', '\"[]\"', '\"[]\"', '\"[{\\\"initialSpin\\\":\\\"1.000000e+3\\\",\\\"finalSpin\\\":\\\"1.000000e+4\\\",\\\"steps\\\":\\\"2.000000e+0\\\",\\\"modes\\\":\\\"2.000000e+0\\\",\\\"phases\\\":[{\\\"position\\\":\\\"3.000000e-1\\\",\\\"unbalance\\\":\\\"2.000000e+1\\\",\\\"phase\\\":\\\"0.000000e+0\\\"}]}]\"'),
(14, 'xjpbrgfwZjpd2TrUdjyb6', '\"{\\\"foundation\\\":true,\\\"rollerbearing\\\":true,\\\"journalbearing\\\":false,\\\"ves\\\":false,\\\"abs\\\":false}\"', '\"{\\\"staticLine\\\":true,\\\"fatigue\\\":false,\\\"campbell\\\":true,\\\"modes\\\":false,\\\"criticalMap\\\":false,\\\"unbalanceResponse\\\":false,\\\"constantResponse\\\":false,\\\"timeResponse\\\":false,\\\"torsional\\\":false,\\\"balanceOptimization\\\":false,\\\"vesOptimization\\\":false,\\\"absOptimization\\\":false}\"', '\"[{\\\"initialSpin\\\":1000,\\\"finalSpin\\\":10000,\\\"steps\\\":10,\\\"frequencies\\\":2}]\"', '\"[]\"', '\"[]\"', '\"[]\"', '\"[]\"', '\"[]\"', '\"[]\"'),
(15, 'xjpbrgfwZjpd2TrUdjyb6', '\"{\\\"foundation\\\":true,\\\"rollerbearing\\\":true,\\\"journalbearing\\\":false,\\\"ves\\\":false,\\\"abs\\\":false}\"', '\"{\\\"staticLine\\\":true,\\\"fatigue\\\":false,\\\"campbell\\\":true,\\\"modes\\\":false,\\\"criticalMap\\\":false,\\\"unbalanceResponse\\\":false,\\\"constantResponse\\\":false,\\\"timeResponse\\\":false,\\\"torsional\\\":false,\\\"balanceOptimization\\\":false,\\\"vesOptimization\\\":false,\\\"absOptimization\\\":false}\"', '\"[{\\\"initialSpin\\\":1000,\\\"finalSpin\\\":10000,\\\"steps\\\":10,\\\"frequencies\\\":2}]\"', '\"[]\"', '\"[]\"', '\"[]\"', '\"[]\"', '\"[]\"', '\"[]\"'),
(16, 'xjpbrgfwZjpd2TrUdjyb6', '\"{\\\"foundation\\\":true,\\\"rollerbearing\\\":true,\\\"journalbearing\\\":false,\\\"ves\\\":false,\\\"abs\\\":false}\"', '\"{\\\"staticLine\\\":true,\\\"fatigue\\\":false,\\\"campbell\\\":true,\\\"modes\\\":false,\\\"criticalMap\\\":false,\\\"unbalanceResponse\\\":false,\\\"constantResponse\\\":false,\\\"timeResponse\\\":false,\\\"torsional\\\":false,\\\"balanceOptimization\\\":false,\\\"vesOptimization\\\":false,\\\"absOptimization\\\":false}\"', '\"[{\\\"initialSpin\\\":1000,\\\"finalSpin\\\":10000,\\\"steps\\\":10,\\\"frequencies\\\":2}]\"', '\"[]\"', '\"[]\"', '\"[]\"', '\"[]\"', '\"[]\"', '\"[]\"'),
(17, 'xjpbrgfwZjpd2TrUdjyb6', '\"{\\\"foundation\\\":true,\\\"rollerbearing\\\":true,\\\"journalbearing\\\":false,\\\"ves\\\":false,\\\"abs\\\":false}\"', '\"{\\\"staticLine\\\":true,\\\"fatigue\\\":false,\\\"campbell\\\":true,\\\"modes\\\":false,\\\"criticalMap\\\":false,\\\"unbalanceResponse\\\":false,\\\"constantResponse\\\":false,\\\"timeResponse\\\":false,\\\"torsional\\\":false,\\\"balanceOptimization\\\":false,\\\"vesOptimization\\\":false,\\\"absOptimization\\\":false}\"', '\"[{\\\"initialSpin\\\":1000,\\\"finalSpin\\\":10000,\\\"steps\\\":10,\\\"frequencies\\\":2}]\"', '\"[]\"', '\"[]\"', '\"[]\"', '\"[]\"', '\"[]\"', '\"[]\"'),
(18, 'xjpbrgfwZjpd2TrUdjyb6', '\"{\\\"foundation\\\":true,\\\"rollerbearing\\\":true,\\\"journalbearing\\\":false,\\\"ves\\\":false,\\\"abs\\\":false}\"', '\"{\\\"staticLine\\\":true,\\\"fatigue\\\":false,\\\"campbell\\\":true,\\\"modes\\\":false,\\\"criticalMap\\\":false,\\\"unbalanceResponse\\\":false,\\\"constantResponse\\\":false,\\\"timeResponse\\\":false,\\\"torsional\\\":false,\\\"balanceOptimization\\\":false,\\\"vesOptimization\\\":false,\\\"absOptimization\\\":false}\"', '\"[{\\\"initialSpin\\\":1000,\\\"finalSpin\\\":10000,\\\"steps\\\":10,\\\"frequencies\\\":2}]\"', '\"[]\"', '\"[]\"', '\"[]\"', '\"[]\"', '\"[]\"', '\"[]\"'),
(19, '4y41cdvcynfS7MB46A5RV', '\"{\\\"rollerbearing\\\":false,\\\"journalbearing\\\":true,\\\"foundation\\\":true,\\\"ves\\\":false,\\\"abs\\\":false}\"', '\"{\\\"staticLine\\\":true,\\\"fatigue\\\":false,\\\"campbell\\\":false,\\\"modes\\\":true,\\\"criticalMap\\\":false,\\\"unbalancedResponse\\\":false,\\\"constantResponse\\\":false,\\\"timeResponse\\\":false,\\\"torsional\\\":false,\\\"balanceOptimization\\\":false,\\\"vesOptimization\\\":false,\\\"absOptimization\\\":false}\"', '\"[]\"', '\"[]\"', '\"[]\"', '\"[]\"', '\"[]\"', '\"[]\"', '\"[]\"'),
(20, 'XSuHZcygKK8Pd025uNA7T', '\"{\\\"rollerbearing\\\":true,\\\"journalbearing\\\":false,\\\"foundation\\\":true,\\\"ves\\\":false,\\\"abs\\\":false}\"', '\"{\\\"staticLine\\\":false,\\\"fatigue\\\":false,\\\"campbell\\\":false,\\\"modes\\\":false,\\\"criticalMap\\\":false,\\\"unbalancedResponse\\\":false,\\\"constantResponse\\\":false,\\\"timeResponse\\\":false,\\\"torsional\\\":false,\\\"balanceOptimization\\\":false,\\\"vesOptimization\\\":false,\\\"absOptimization\\\":false}\"', '\"[]\"', '\"[]\"', '\"[]\"', '\"[]\"', '\"[]\"', '\"[]\"', '\"[]\"'),
(21, 'vCFfQKycAAL81SRSwq0OD', '\"{\\\"foundation\\\":true,\\\"rollerbearing\\\":true,\\\"journalbearing\\\":false,\\\"ves\\\":false,\\\"abs\\\":false}\"', '\"{\\\"staticLine\\\":true,\\\"fatigue\\\":false,\\\"campbell\\\":true,\\\"modes\\\":true,\\\"criticalMap\\\":true,\\\"unbalanceResponse\\\":true,\\\"constantResponse\\\":true,\\\"timeResponse\\\":true,\\\"torsional\\\":true,\\\"balanceOptimization\\\":false,\\\"vesOptimization\\\":false,\\\"absOptimization\\\":false}\"', '\"[{\\\"initialSpin\\\":\\\"5.000000e+2\\\",\\\"finalSpin\\\":\\\"2.000000e+4\\\",\\\"steps\\\":\\\"2.000000e+2\\\",\\\"frequencies\\\":\\\"6.000000e+0\\\"}]\"', '\"[{\\\"initialStiffness\\\":\\\"1.000000e+5\\\",\\\"initialSpin\\\":\\\"5.000000e+2\\\",\\\"finalSpin\\\":\\\"2.000000e+4\\\",\\\"decades\\\":\\\"4.000000e+0\\\",\\\"frequencies\\\":\\\"6.000000e+0\\\"}]\"', '\"[{\\\"maxFrequency\\\":\\\"3.000000e+4\\\",\\\"modes\\\":\\\"6.000000e+0\\\"}]\"', '\"[{\\\"initialFrequency\\\":\\\"1.000000e+0\\\",\\\"finalFrequency\\\":\\\"2.000000e+2\\\",\\\"steps\\\":\\\"2.000000e+2\\\",\\\"modes\\\":\\\"2.000000e+1\\\",\\\"speed\\\":\\\"5.000000e+3\\\",\\\"responses\\\":[{\\\"position\\\":\\\"5.500000e-1\\\",\\\"coord\\\":\\\"1.000000e+0\\\"}],\\\"forces\\\":[{\\\"position\\\":\\\"5.500000e-1\\\",\\\"coord\\\":\\\"1.000000e+0\\\",\\\"force\\\":\\\"1.000000e+1\\\",\\\"nodeId\\\":13,\\\"group\\\":\\\"constant\\\",\\\"groupId\\\":0,\\\"info\\\":{\\\"text\\\":\\\"Constant \\\",\\\"x\\\":\\\"1.000000e+1\\\",\\\"y\\\":10,\\\"color\\\":\\\"pink\\\"},\\\"area\\\":{\\\"d\\\":\\\"M5.500000e+2,-200 l-5,5 l5,5 l5,-5 l-5,-5 l0,400 l5,-5 l-5,-5 l-5,5 l5,5 Z\\\"},\\\"border\\\":{\\\"x\\\":547.5,\\\"y\\\":-200,\\\"w\\\":5,\\\"h\\\":400}}]}]\"', '\"[{\\\"initialSpin\\\":\\\"5.000000e+2\\\",\\\"finalSpin\\\":\\\"2.000000e+4\\\",\\\"steps\\\":\\\"1.000000e+3\\\",\\\"modes\\\":\\\"2.000000e+1\\\",\\\"responses\\\":[{\\\"position\\\":\\\"8.500000e-1\\\",\\\"coord\\\":\\\"1.000000e+0\\\"},{\\\"position\\\":\\\"8.500000e-1\\\",\\\"coord\\\":\\\"2.000000e+0\\\"}],\\\"phases\\\":[{\\\"position\\\":\\\"8.500000e-1\\\",\\\"unbalance\\\":\\\"2.000000e-4\\\",\\\"phase\\\":\\\"0.000000e+0\\\",\\\"nodeId\\\":14,\\\"group\\\":\\\"unbalance\\\",\\\"groupId\\\":0,\\\"info\\\":{\\\"text\\\":\\\"Unbalance \\\",\\\"x\\\":\\\"2.000000e+2\\\",\\\"y\\\":10,\\\"color\\\":\\\"orange\\\"},\\\"area\\\":{\\\"d\\\":\\\"M8.500000e+2,-200 l-5,5 l5,5 l5,-5 l-5,-5 l0,400 l5,-5 l-5,-5 l-5,5 l5,5 Z\\\"},\\\"border\\\":{\\\"x\\\":847.5,\\\"y\\\":-200,\\\"w\\\":5,\\\"h\\\":400}}]}]\"', '\"[{\\\"initialFrequency\\\":\\\"1.000000e+0\\\",\\\"finalFrequency\\\":\\\"1.000000e+3\\\",\\\"steps\\\":\\\"1.000000e+3\\\",\\\"modes\\\":\\\"2.000000e+1\\\",\\\"responses\\\":[{\\\"position\\\":\\\"5.500000e-1\\\",\\\"coord\\\":\\\"0.000000e+0\\\"}],\\\"phases\\\":[{\\\"position\\\":\\\"0.000000e+0\\\",\\\"tork\\\":\\\"1.000000e+1\\\",\\\"phase\\\":\\\"0.000000e+0\\\",\\\"nodeId\\\":15,\\\"group\\\":\\\"torsional\\\",\\\"groupId\\\":0,\\\"info\\\":{\\\"text\\\":\\\"Torsional \\\",\\\"x\\\":\\\"1.000000e+1\\\",\\\"y\\\":10,\\\"color\\\":\\\"aqua\\\"},\\\"area\\\":{\\\"d\\\":\\\"M0.000000e+0,-200 l-5,5 l5,5 l5,-5 l-5,-5 l0,400 l5,-5 l-5,-5 l-5,5 l5,5 Z\\\"},\\\"border\\\":{\\\"x\\\":-2.5,\\\"y\\\":-200,\\\"w\\\":5,\\\"h\\\":400}}]}]\"', '\"[{\\\"initialSpin\\\":\\\"5.000000e+2\\\",\\\"finalSpin\\\":\\\"2.000000e+4\\\",\\\"steps\\\":\\\"1.000000e+2\\\",\\\"modes\\\":\\\"2.000000e+1\\\",\\\"phases\\\":[{\\\"phaseId\\\":\\\"\\\",\\\"model\\\":\\\"\\\",\\\"modelId\\\":\\\"\\\",\\\"position\\\":\\\"8.500000e-1\\\",\\\"unbalance\\\":\\\"2.000000e-4\\\",\\\"phase\\\":\\\"0.000000e+0\\\"}]}]\"'),
(22, 'gB86T5YooN9FXajMf5yRL', '\"{\\\"rollerbearing\\\":false,\\\"journalbearing\\\":true,\\\"foundation\\\":true,\\\"ves\\\":false,\\\"abs\\\":false}\"', '\"{\\\"staticLine\\\":true,\\\"fatigue\\\":false,\\\"campbell\\\":true,\\\"modes\\\":true,\\\"criticalMap\\\":false,\\\"unbalanceResponse\\\":true,\\\"constantResponse\\\":true,\\\"timeResponse\\\":true,\\\"torsional\\\":false,\\\"balanceOptimization\\\":false,\\\"vesOptimization\\\":false,\\\"absOptimization\\\":false}\"', '\"[{\\\"initialSpin\\\":\\\"5.000000e+2\\\",\\\"finalSpin\\\":\\\"2.000000e+4\\\",\\\"steps\\\":\\\"2.000000e+2\\\",\\\"frequencies\\\":\\\"6.000000e+0\\\"}]\"', '\"[]\"', '\"[{\\\"maxFrequency\\\":\\\"3.000000e+4\\\",\\\"modes\\\":\\\"6.000000e+0\\\"}]\"', '\"[{\\\"initialFrequency\\\":\\\"1.000000e+0\\\",\\\"finalFrequency\\\":\\\"2.000000e+2\\\",\\\"steps\\\":\\\"2.000000e+2\\\",\\\"modes\\\":\\\"2.000000e+1\\\",\\\"speed\\\":\\\"5.000000e+3\\\",\\\"responses\\\":[{\\\"position\\\":\\\"5.500000e-1\\\",\\\"coord\\\":\\\"1.000000e+0\\\"}],\\\"forces\\\":[{\\\"position\\\":\\\"5.500000e-1\\\",\\\"coord\\\":\\\"1.000000e+0\\\",\\\"force\\\":\\\"1.000000e+1\\\"}]}]\"', '\"[{\\\"initialSpin\\\":\\\"5.000000e+2\\\",\\\"finalSpin\\\":\\\"2.000000e+4\\\",\\\"steps\\\":\\\"1.000000e+3\\\",\\\"modes\\\":\\\"2.000000e+1\\\",\\\"responses\\\":[{\\\"position\\\":\\\"8.500000e-1\\\",\\\"coord\\\":\\\"1.000000e+0\\\"},{\\\"position\\\":\\\"8.500000e-1\\\",\\\"coord\\\":\\\"2.000000e+0\\\"}],\\\"phases\\\":[{\\\"position\\\":\\\"8.500000e-1\\\",\\\"unbalance\\\":\\\"2.000000e-4\\\",\\\"phase\\\":\\\"0.000000e+0\\\"}]}]\"', '\"[]\"', '\"[{\\\"initialSpin\\\":\\\"5.000000e+2\\\",\\\"finalSpin\\\":\\\"2.000000e+4\\\",\\\"steps\\\":\\\"1.000000e+2\\\",\\\"modes\\\":\\\"2.000000e+1\\\",\\\"phases\\\":[{\\\"phaseId\\\":\\\"\\\",\\\"model\\\":\\\"\\\",\\\"modelId\\\":\\\"\\\",\\\"position\\\":\\\"8.500000e-1\\\",\\\"unbalance\\\":\\\"2.000000e-4\\\",\\\"phase\\\":\\\"0.000000e+0\\\"}]}]\"'),
(23, '0L8qMKDBYWXb34IWwRtqg', '\"{\\\"rollerbearing\\\":false,\\\"journalbearing\\\":false,\\\"foundation\\\":true,\\\"ves\\\":true,\\\"abs\\\":false}\"', '\"{\\\"staticLine\\\":true,\\\"fatigue\\\":false,\\\"campbell\\\":true,\\\"modes\\\":false,\\\"criticalMap\\\":false,\\\"unbalancedResponse\\\":false,\\\"constantResponse\\\":false,\\\"timeResponse\\\":false,\\\"torsional\\\":false,\\\"balanceOptimization\\\":false,\\\"vesOptimization\\\":false,\\\"absOptimization\\\":false}\"', '\"[]\"', '\"[]\"', '\"[]\"', '\"[]\"', '\"[]\"', '\"[]\"', '\"[]\"'),
(24, 'En5v38q8nG0mYkYagVwoO', '\"{\\\"rollerbearing\\\":false,\\\"journalbearing\\\":false,\\\"foundation\\\":true,\\\"ves\\\":true,\\\"abs\\\":false}\"', '\"{\\\"staticLine\\\":true,\\\"fatigue\\\":false,\\\"campbell\\\":true,\\\"modes\\\":false,\\\"criticalMap\\\":false,\\\"unbalancedResponse\\\":false,\\\"constantResponse\\\":false,\\\"timeResponse\\\":false,\\\"torsional\\\":false,\\\"balanceOptimization\\\":false,\\\"vesOptimization\\\":false,\\\"absOptimization\\\":false}\"', '\"[]\"', '\"[]\"', '\"[]\"', '\"[]\"', '\"[]\"', '\"[]\"', '\"[]\"'),
(25, 'ZU9NdxS6LwVWDX7n8cwBy', '\"{\\\"rollerbearing\\\":false,\\\"journalbearing\\\":true,\\\"foundation\\\":true,\\\"ves\\\":false,\\\"abs\\\":false}\"', '\"{\\\"staticLine\\\":true,\\\"campbell\\\":true,\\\"criticalMap\\\":true,\\\"modes\\\":true,\\\"unbalancedResponse\\\":false,\\\"constantResponse\\\":true,\\\"timeResponse\\\":true,\\\"torsional\\\":true,\\\"unbalanceResponse\\\":true}\"', '\"[{\\\"initialSpin\\\":\\\"5.000000e+2\\\",\\\"finalSpin\\\":\\\"1.500000e+4\\\",\\\"steps\\\":\\\"3.000000e+2\\\",\\\"frequencies\\\":\\\"6.000000e+0\\\"}]\"', '\"[{\\\"initialStiffness\\\":\\\"1.000000e+5\\\",\\\"initialSpin\\\":\\\"5.000000e+2\\\",\\\"finalSpin\\\":\\\"1.500000e+4\\\",\\\"decades\\\":\\\"4.000000e+0\\\",\\\"frequencies\\\":\\\"6.000000e+0\\\"}]\"', '\"[{\\\"maxFrequency\\\":\\\"1.000000e+5\\\",\\\"modes\\\":\\\"6.000000e+0\\\"}]\"', '\"[{\\\"initialFrequency\\\":\\\"1.000000e+0\\\",\\\"finalFrequency\\\":\\\"3.000000e+2\\\",\\\"steps\\\":\\\"3.000000e+2\\\",\\\"modes\\\":\\\"2.000000e+1\\\",\\\"speed\\\":\\\"3.000000e+3\\\",\\\"responses\\\":[{\\\"responseId\\\":\\\"\\\",\\\"model\\\":\\\"\\\",\\\"modelId\\\":\\\"\\\",\\\"position\\\":\\\"3.000000e-1\\\",\\\"coord\\\":1},{\\\"responseId\\\":\\\"\\\",\\\"model\\\":\\\"\\\",\\\"modelId\\\":\\\"\\\",\\\"position\\\":\\\"3.000000e-1\\\",\\\"coord\\\":\\\"2\\\"}],\\\"forces\\\":[{\\\"forceId\\\":\\\"\\\",\\\"constantId\\\":\\\"\\\",\\\"position\\\":\\\"0.000000e+0\\\",\\\"force\\\":\\\"1.000000e+1\\\",\\\"coord\\\":1},{\\\"forceId\\\":\\\"\\\",\\\"constantId\\\":\\\"\\\",\\\"position\\\":\\\"4.500000e-1\\\",\\\"force\\\":\\\"1.000000e+1\\\",\\\"coord\\\":1}]}]\"', '\"[{\\\"initialSpin\\\":\\\"5.000000e+2\\\",\\\"finalSpin\\\":\\\"1.500000e+4\\\",\\\"steps\\\":\\\"1.000000e+3\\\",\\\"modes\\\":\\\"1.500000e+1\\\",\\\"responses\\\":[{\\\"responseId\\\":\\\"\\\",\\\"model\\\":\\\"\\\",\\\"modelId\\\":\\\"\\\",\\\"position\\\":\\\"3.000000e-1\\\",\\\"coord\\\":\\\"1\\\"},{\\\"responseId\\\":\\\"\\\",\\\"model\\\":\\\"\\\",\\\"modelId\\\":\\\"\\\",\\\"position\\\":\\\"3.000000e-1\\\",\\\"coord\\\":\\\"2\\\"}],\\\"phases\\\":[{\\\"phaseId\\\":\\\"\\\",\\\"model\\\":\\\"\\\",\\\"modelId\\\":\\\"\\\",\\\"position\\\":\\\"1.500000e-1\\\",\\\"unbalance\\\":\\\"3.000000e-5\\\",\\\"phase\\\":\\\"0.000000e+0\\\"},{\\\"phaseId\\\":\\\"\\\",\\\"model\\\":\\\"\\\",\\\"modelId\\\":\\\"\\\",\\\"position\\\":\\\"3.000000e-1\\\",\\\"unbalance\\\":\\\"5.000000e-5\\\",\\\"phase\\\":\\\"9.000000e+1\\\"}]}]\"', '\"[{\\\"initialFrequency\\\":\\\"1.000000e+0\\\",\\\"finalFrequency\\\":\\\"2.500000e+3\\\",\\\"steps\\\":\\\"5.000000e+2\\\",\\\"modes\\\":\\\"2.000000e+1\\\",\\\"responses\\\":[{\\\"responseId\\\":\\\"\\\",\\\"model\\\":\\\"\\\",\\\"modelId\\\":\\\"\\\",\\\"position\\\":\\\"3.000000e-1\\\",\\\"coord\\\":\\\"\\\"}],\\\"phases\\\":[{\\\"torkPhaseId\\\":\\\"\\\",\\\"torsionalId\\\":\\\"\\\",\\\"position\\\":\\\"3.000000e-1\\\",\\\"tork\\\":\\\"1.000000e+0\\\",\\\"phase\\\":\\\"0.000000e+0\\\"}]}]\"', '\"[{\\\"initialSpin\\\":\\\"5.000000e+2\\\",\\\"finalSpin\\\":\\\"1.500000e+4\\\",\\\"steps\\\":\\\"1.000000e+3\\\",\\\"modes\\\":\\\"1.500000e+1\\\",\\\"phases\\\":[{\\\"phaseId\\\":\\\"\\\",\\\"model\\\":\\\"\\\",\\\"modelId\\\":\\\"\\\",\\\"position\\\":\\\"1.500000e-1\\\",\\\"unbalance\\\":\\\"3.000000e-5\\\",\\\"phase\\\":\\\"0.000000e+0\\\"},{\\\"phaseId\\\":\\\"\\\",\\\"model\\\":\\\"\\\",\\\"modelId\\\":\\\"\\\",\\\"position\\\":\\\"3.000000e-1\\\",\\\"unbalance\\\":\\\"5.000000e-5\\\",\\\"phase\\\":\\\"9.000000e+1\\\"}]}]\"'),
(26, 'NI51oGqQ8eMxRRTs6aF4C', '\"{\\\"rollerbearing\\\":true,\\\"journalbearing\\\":false,\\\"foundation\\\":true,\\\"ves\\\":false,\\\"abs\\\":false}\"', '\"{\\\"staticLine\\\":true,\\\"campbell\\\":true,\\\"criticalMap\\\":true,\\\"modes\\\":true,\\\"unbalancedResponse\\\":false,\\\"constantResponse\\\":true,\\\"timeResponse\\\":true,\\\"torsional\\\":true,\\\"unbalanceResponse\\\":true}\"', '\"[{\\\"initialSpin\\\":\\\"0.000000e+0\\\",\\\"finalSpin\\\":\\\"5.000000e+3\\\",\\\"steps\\\":\\\"3.000000e+2\\\",\\\"frequencies\\\":\\\"6.000000e+0\\\"}]\"', '\"[{\\\"initialStiffness\\\":\\\"1.000000e+7\\\",\\\"initialSpin\\\":\\\"0.000000e+0\\\",\\\"finalSpin\\\":\\\"5.000000e+3\\\",\\\"decades\\\":\\\"3.000000e+0\\\",\\\"frequencies\\\":\\\"4.000000e+0\\\"}]\"', '\"[{\\\"maxFrequency\\\":\\\"3.000000e+4\\\",\\\"modes\\\":\\\"4.000000e+0\\\"}]\"', '\"[{\\\"initialFrequency\\\":\\\"1.000000e+0\\\",\\\"finalFrequency\\\":\\\"2.000000e+2\\\",\\\"steps\\\":\\\"2.000000e+2\\\",\\\"modes\\\":\\\"2.000000e+1\\\",\\\"speed\\\":\\\"3.600000e+3\\\",\\\"responses\\\":[{\\\"responseId\\\":\\\"\\\",\\\"model\\\":\\\"\\\",\\\"modelId\\\":\\\"\\\",\\\"position\\\":\\\"1.840000e+0\\\",\\\"coord\\\":1},{\\\"responseId\\\":\\\"\\\",\\\"model\\\":\\\"\\\",\\\"modelId\\\":\\\"\\\",\\\"position\\\":\\\"1.840000e+0\\\",\\\"coord\\\":2}],\\\"forces\\\":[{\\\"forceId\\\":\\\"\\\",\\\"constantId\\\":\\\"\\\",\\\"position\\\":\\\"3.600000e-1\\\",\\\"force\\\":\\\"2.000000e+1\\\",\\\"coord\\\":1},{\\\"forceId\\\":\\\"\\\",\\\"constantId\\\":\\\"\\\",\\\"position\\\":\\\"2.380000e+0\\\",\\\"force\\\":\\\"2.000000e+1\\\",\\\"coord\\\":1}]}]\"', '\"[{\\\"initialSpin\\\":\\\"0.000000e+0\\\",\\\"finalSpin\\\":\\\"5.000000e+3\\\",\\\"steps\\\":\\\"1.200000e+3\\\",\\\"modes\\\":\\\"2.000000e+1\\\",\\\"responses\\\":[{\\\"responseId\\\":\\\"\\\",\\\"model\\\":\\\"\\\",\\\"modelId\\\":\\\"\\\",\\\"position\\\":\\\"1.840000e+0\\\",\\\"coord\\\":1},{\\\"responseId\\\":\\\"\\\",\\\"model\\\":\\\"\\\",\\\"modelId\\\":\\\"\\\",\\\"position\\\":\\\"1.840000e+0\\\",\\\"coord\\\":2}],\\\"phases\\\":[{\\\"phaseId\\\":\\\"\\\",\\\"model\\\":\\\"\\\",\\\"modelId\\\":\\\"\\\",\\\"position\\\":\\\"8.600000e-1\\\",\\\"unbalance\\\":\\\"3.130000e-4\\\",\\\"phase\\\":\\\"0.000000e+0\\\"},{\\\"phaseId\\\":\\\"\\\",\\\"model\\\":\\\"\\\",\\\"modelId\\\":\\\"\\\",\\\"position\\\":\\\"1.840000e+0\\\",\\\"unbalance\\\":\\\"1.820000e-4\\\",\\\"phase\\\":\\\"0.000000e+0\\\"}]}]\"', '\"[{\\\"initialFrequency\\\":\\\"1.000000e+0\\\",\\\"finalFrequency\\\":\\\"3.000000e+2\\\",\\\"steps\\\":\\\"3.000000e+2\\\",\\\"modes\\\":\\\"2.000000e+1\\\",\\\"responses\\\":[{\\\"responseId\\\":\\\"\\\",\\\"model\\\":\\\"\\\",\\\"modelId\\\":\\\"\\\",\\\"position\\\":\\\"1.840000e+0\\\",\\\"coord\\\":\\\"0\\\"}],\\\"phases\\\":[{\\\"torkPhaseId\\\":\\\"\\\",\\\"torsionalId\\\":\\\"\\\",\\\"position\\\":\\\"1.840000e+0\\\",\\\"tork\\\":\\\"1.000000e+1\\\",\\\"phase\\\":\\\"0.000000e+0\\\"}]}]\"', '\"[{\\\"initialSpin\\\":\\\"0.000000e+0\\\",\\\"finalSpin\\\":\\\"5.000000e+3\\\",\\\"steps\\\":\\\"3.000000e+2\\\",\\\"modes\\\":\\\"2.000000e+1\\\",\\\"phases\\\":[{\\\"phaseId\\\":\\\"\\\",\\\"model\\\":\\\"\\\",\\\"modelId\\\":\\\"\\\",\\\"position\\\":\\\"8.600000e-1\\\",\\\"unbalance\\\":\\\"3.130000e-4\\\",\\\"phase\\\":\\\"0.000000e+0\\\"},{\\\"phaseId\\\":\\\"\\\",\\\"model\\\":\\\"\\\",\\\"modelId\\\":\\\"\\\",\\\"position\\\":\\\"1.840000e+0\\\",\\\"unbalance\\\":\\\"1.820000e-4\\\",\\\"phase\\\":\\\"0.000000e+0\\\"}]}]\"'),
(27, '0L8qMKDBYWXb34IWwRtqg', '\"{\\\"rollerbearing\\\":true,\\\"journalbearing\\\":false,\\\"foundation\\\":true,\\\"ves\\\":false,\\\"abs\\\":false}\"', '\"{\\\"staticLine\\\":true,\\\"campbell\\\":true,\\\"criticalMap\\\":false,\\\"modes\\\":false,\\\"unbalancedResponse\\\":false,\\\"constantResponse\\\":false,\\\"timeResponse\\\":false,\\\"torsional\\\":false}\"', '\"[]\"', '\"[]\"', '\"[]\"', '\"[]\"', '\"[]\"', '\"[]\"', '\"[]\"');

-- --------------------------------------------------------

--
-- Table structure for table `run`
--

DROP TABLE IF EXISTS `run`;
CREATE TABLE IF NOT EXISTS `run` (
  `id` int(11) NOT NULL AUTO_INCREMENT,
  `projectId` varchar(21) COLLATE utf8_unicode_ci DEFAULT NULL,
  `userId` int(11) DEFAULT NULL,
  `date` int(11) DEFAULT NULL,
  `filename` varchar(30) COLLATE utf8_unicode_ci DEFAULT NULL,
  `exitcode` int(11) DEFAULT NULL,
  `status` varchar(3) COLLATE utf8_unicode_ci DEFAULT NULL,
  PRIMARY KEY (`id`),
  KEY `idx-run-project` (`projectId`),
  KEY `idx-run-user` (`userId`)
) ENGINE=MyISAM DEFAULT CHARSET=utf8 COLLATE=utf8_unicode_ci;

-- --------------------------------------------------------

--
-- Table structure for table `runlog`
--

DROP TABLE IF EXISTS `runlog`;
CREATE TABLE IF NOT EXISTS `runlog` (
  `id` int(11) NOT NULL AUTO_INCREMENT,
  `runId` int(11) DEFAULT NULL,
  `ledgerId` int(11) DEFAULT NULL,
  `cost` decimal(19,4) DEFAULT NULL,
  `task` varchar(30) COLLATE utf8_unicode_ci DEFAULT NULL,
  `started_at` int(11) DEFAULT NULL,
  `ended_at` int(11) DEFAULT NULL,
  `percent` int(11) DEFAULT NULL,
  `status` varchar(3) COLLATE utf8_unicode_ci DEFAULT NULL,
  PRIMARY KEY (`id`),
  KEY `idx-runlog-run` (`runId`),
  KEY `idx-runlog-ledger` (`ledgerId`)
) ENGINE=MyISAM DEFAULT CHARSET=utf8 COLLATE=utf8_unicode_ci;

-- --------------------------------------------------------

--
-- Table structure for table `setting`
--

DROP TABLE IF EXISTS `setting`;
CREATE TABLE IF NOT EXISTS `setting` (
  `id` int(11) NOT NULL AUTO_INCREMENT,
  `meta_key` varchar(255) DEFAULT NULL,
  `meta_name` varchar(255) DEFAULT NULL,
  `meta_type` varchar(50) DEFAULT NULL,
  `meta_desc` text,
  `meta_attribute` text,
  `meta_value` longtext,
  `is_public` tinyint(1) DEFAULT NULL,
  `status` tinyint(1) DEFAULT NULL,
  `created_at` int(11) DEFAULT NULL,
  `updated_at` int(11) DEFAULT NULL,
  PRIMARY KEY (`id`),
  KEY `idx-setting` (`meta_key`,`meta_type`,`is_public`,`status`,`created_at`,`updated_at`)
) ENGINE=InnoDB AUTO_INCREMENT=5 DEFAULT CHARSET=utf8;

--
-- Dumping data for table `setting`
--

INSERT INTO `setting` (`id`, `meta_key`, `meta_name`, `meta_type`, `meta_desc`, `meta_attribute`, `meta_value`, `is_public`, `status`, `created_at`, `updated_at`) VALUES
(1, 'timezone', 'Timezone', 'select', 'Set the time zone of the application', '{\"list\":[{\"value\":\"Australia/Adelaide\",\"label\":\"Australia/Adelaide\"},{\"value\":\"Australia/Brisbane\",\"label\":\"Australia/Brisbane\"},{\"value\":\"Australia/Canberra\",\"label\":\"Australia/Canberra\"},{\"value\":\"Australia/Hobart\",\"label\":\"Australia/Hobart\"},{\"value\":\"Australia/Melbourne\",\"label\":\"Australia/Melbourne\"},{\"value\":\"Australia/Perth\",\"label\":\"Australia/Perth\"},{\"value\":\"Australia/Sydney\",\"label\":\"Australia/Sydney\"}]}', 'Australia/Melbourne', 1, 1, 1502387435, 1502387435),
(2, 'test_setting1', 'Test Setting1', 'number', 'Test Setting Description', '', '15', 1, 1, 1502387435, 1502387435),
(3, 'test_setting2', 'Test Setting2', 'text', 'Test Setting Description', '', 'value', 1, 1, 1502387435, 1502387435),
(4, 'units', 'Unit System', 'select', 'Unit System used for Modeling', '{\"list\":[{\"value\":\"metric\",\"label\":\"Metric System\"},{\"value\":\"imperial\",\"label\":\"Imperial System\"}]}', 'metric', 1, 1, 1543536839, 1543536839);

-- --------------------------------------------------------

--
-- Table structure for table `token`
--

DROP TABLE IF EXISTS `token`;
CREATE TABLE IF NOT EXISTS `token` (
  `tokenId` varchar(21) COLLATE utf8_unicode_ci NOT NULL,
  `name` varchar(21) COLLATE utf8_unicode_ci DEFAULT NULL,
  PRIMARY KEY (`tokenId`)
) ENGINE=MyISAM DEFAULT CHARSET=utf8 COLLATE=utf8_unicode_ci;

--
-- Dumping data for table `token`
--

INSERT INTO `token` (`tokenId`, `name`) VALUES
('USD', 'US Dollar'),
('DYN', 'DynTech Token'),
('BRL', 'Brazilian Real');

-- --------------------------------------------------------

--
-- Table structure for table `user`
--

DROP TABLE IF EXISTS `user`;
CREATE TABLE IF NOT EXISTS `user` (
  `id` int(11) NOT NULL AUTO_INCREMENT,
  `username` varchar(200) DEFAULT NULL,
  `auth_key` varchar(255) DEFAULT NULL,
  `access_token_expired_at` int(30) DEFAULT NULL,
  `password_hash` varchar(255) DEFAULT NULL,
  `password_reset_token` varchar(255) DEFAULT NULL,
  `email` varchar(255) DEFAULT NULL,
  `picture` varchar(255) NOT NULL,
  `unconfirmed_email` varchar(255) DEFAULT NULL,
  `confirmed_at` int(30) DEFAULT NULL,
  `registration_ip` varchar(20) DEFAULT NULL,
  `last_login_at` int(30) DEFAULT NULL,
  `last_login_ip` varchar(20) DEFAULT NULL,
  `blocked_at` int(30) DEFAULT NULL,
  `status` int(2) DEFAULT '10',
  `role` int(11) DEFAULT NULL,
  `created_at` int(30) DEFAULT NULL,
  `updated_at` bigint(30) DEFAULT NULL,
  PRIMARY KEY (`id`),
  KEY `idx-user` (`username`,`auth_key`,`password_hash`,`status`)
) ENGINE=InnoDB AUTO_INCREMENT=11 DEFAULT CHARSET=utf8;

--
-- Dumping data for table `user`
--

INSERT INTO `user` (`id`, `username`, `auth_key`, `access_token_expired_at`, `password_hash`, `password_reset_token`, `email`, `picture`, `unconfirmed_email`, `confirmed_at`, `registration_ip`, `last_login_at`, `last_login_ip`, `blocked_at`, `status`, `role`, `created_at`, `updated_at`) VALUES
(1, 'admin', 'dVN8fzR_KzJ_lBrymfXI6qyH2QzyXYUU', 1549633875, '$2y$13$YmhYX1LkMg45MQn.bgeoOuGR89WGFrYVsKdc5EAWdyhPu.icq25Hy', NULL, 'admin@demo.com', 'assets/images/kitten-corporate.png', 'admin@demo.com', 1494013128, '127.0.0.1', 1549547475, '127.0.0.1', NULL, 10, 99, 1494013083, 1549547471),
(2, 'staff', 'Xm-zZRREtAIKsFlINVRLSw3U7llbx_5a', 1496187031, '$2y$13$TKh5pEy0RFTmkC9Kjvb9A.WR/I1QVzYHdfYDw0m7MnHnN0bsv96Jq', NULL, 'staff@demo.com', 'assets/img/avatars/2.jpg', 'staff@demo.com', 1494850853, '127.0.0.1', 1496100631, '127.0.0.1', NULL, 10, 50, 1494850742, 1533570446),
(3, 'user', 'rNXSqIas_43RdpG0e5_7d1W06iK8pXJ8', 1496545982, '$2y$13$nd/F3g6jjIa1/Sk6JZxZ5uVq0OpsbOmW1OdnbDG6BpFqgkFbQotjm', NULL, 'user@demo.com', 'assets/img/avatars/2.jpg', 'user@demo.com', 1496459536, '127.0.0.1', 1496459582, '127.0.0.1', NULL, 10, 10, 1495420313, 1533570452),
(4, 'rotordyn', 'EPTNMrg3lwO-r9wT_3DUHXPZR51s2EAm', 1548531941, '$2y$13$8kEVAkZZSFFaQuqhtEFgHeS52lkYmRUX5907wFk5eZyIkyJg/7ksG', NULL, 'auto@rotordyn.com.br', 'assets/img/avatars/4.jpg', 'auto@rotordyn.com.br', 1524078840, '127.0.0.1', 1548445541, '127.0.0.1', NULL, 10, 50, 1524089664, 1548445541),
(10, 'brunoscholz', 'rcCq22lP1TXf9mxLyCkmGj8qwg4QirJ0', 1542315141, '$2y$13$Xkx4JkGP.1u8hZHRi7t9deTTkvJ8JnsjTiw96ZrXPXZH1hMa/8Qcy', NULL, 'brunoscholz@yahoo.de', 'assets/img/avatars/2.jpg', 'brunoscholz@yahoo.de', 1542227321, '127.0.0.1', 1542228741, '127.0.0.1', NULL, 10, 10, 1542222029, 1542228740);

-- --------------------------------------------------------

--
-- Table structure for table `usersetting`
--

DROP TABLE IF EXISTS `usersetting`;
CREATE TABLE IF NOT EXISTS `usersetting` (
  `id` int(11) NOT NULL AUTO_INCREMENT,
  `userId` int(11) DEFAULT NULL,
  `settingId` int(11) DEFAULT NULL,
  `value` text COLLATE utf8_unicode_ci,
  `status` int(3) DEFAULT NULL,
  PRIMARY KEY (`id`),
  KEY `idx-usersetting-user` (`userId`),
  KEY `idx-usersetting-setting` (`settingId`)
) ENGINE=MyISAM AUTO_INCREMENT=2 DEFAULT CHARSET=utf8 COLLATE=utf8_unicode_ci;

--
-- Dumping data for table `usersetting`
--

INSERT INTO `usersetting` (`id`, `userId`, `settingId`, `value`, `status`) VALUES
(1, 1, 4, 'metric', 1);

--
-- Constraints for dumped tables
--

--
-- Constraints for table `auth_assignment`
--
ALTER TABLE `auth_assignment`
  ADD CONSTRAINT `auth_assignment_ibfk_1` FOREIGN KEY (`item_name`) REFERENCES `auth_item` (`name`) ON DELETE CASCADE ON UPDATE CASCADE;

--
-- Constraints for table `auth_item`
--
ALTER TABLE `auth_item`
  ADD CONSTRAINT `auth_item_ibfk_1` FOREIGN KEY (`rule_name`) REFERENCES `auth_rule` (`name`) ON DELETE SET NULL ON UPDATE CASCADE;

--
-- Constraints for table `auth_item_child`
--
ALTER TABLE `auth_item_child`
  ADD CONSTRAINT `auth_item_child_ibfk_1` FOREIGN KEY (`parent`) REFERENCES `auth_item` (`name`) ON DELETE CASCADE ON UPDATE CASCADE,
  ADD CONSTRAINT `auth_item_child_ibfk_2` FOREIGN KEY (`child`) REFERENCES `auth_item` (`name`) ON DELETE CASCADE ON UPDATE CASCADE;
COMMIT;

/*!40101 SET CHARACTER_SET_CLIENT=@OLD_CHARACTER_SET_CLIENT */;
/*!40101 SET CHARACTER_SET_RESULTS=@OLD_CHARACTER_SET_RESULTS */;
/*!40101 SET COLLATION_CONNECTION=@OLD_COLLATION_CONNECTION */;
